episode_reward_max,episode_reward_min,episode_reward_mean,episode_len_mean,episodes_this_iter,num_faulty_episodes,num_healthy_workers,num_in_flight_async_reqs,num_remote_worker_restarts,num_agent_steps_sampled,num_agent_steps_trained,num_env_steps_sampled,num_env_steps_trained,num_env_steps_sampled_this_iter,num_env_steps_trained_this_iter,num_env_steps_sampled_throughput_per_sec,num_env_steps_trained_throughput_per_sec,timesteps_total,num_steps_trained_this_iter,agent_timesteps_total,done,episodes_total,training_iteration,trial_id,date,timestamp,time_this_iter_s,time_total_s,pid,hostname,node_ip,time_since_restore,iterations_since_restore,info/num_env_steps_sampled,info/num_env_steps_trained,info/num_agent_steps_sampled,info/num_agent_steps_trained,sampler_results/episode_reward_max,sampler_results/episode_reward_min,sampler_results/episode_reward_mean,sampler_results/episode_len_mean,sampler_results/episodes_this_iter,sampler_results/num_faulty_episodes,hist_stats/episode_reward,hist_stats/episode_lengths,sampler_perf/mean_raw_obs_processing_ms,sampler_perf/mean_inference_ms,sampler_perf/mean_action_processing_ms,sampler_perf/mean_env_wait_ms,sampler_perf/mean_env_render_ms,connector_metrics/ObsPreprocessorConnector_ms,connector_metrics/StateBufferConnector_ms,connector_metrics/ViewRequirementAgentConnector_ms,timers/training_iteration_time_ms,timers/sample_time_ms,timers/load_time_ms,timers/load_throughput,timers/learn_time_ms,timers/learn_throughput,timers/synch_weights_time_ms,counters/num_env_steps_sampled,counters/num_env_steps_trained,counters/num_agent_steps_sampled,counters/num_agent_steps_trained,perf/cpu_util_percent,perf/ram_util_percent,sampler_results/hist_stats/episode_reward,sampler_results/hist_stats/episode_lengths,sampler_results/sampler_perf/mean_raw_obs_processing_ms,sampler_results/sampler_perf/mean_inference_ms,sampler_results/sampler_perf/mean_action_processing_ms,sampler_results/sampler_perf/mean_env_wait_ms,sampler_results/sampler_perf/mean_env_render_ms,sampler_results/connector_metrics/ObsPreprocessorConnector_ms,sampler_results/connector_metrics/StateBufferConnector_ms,sampler_results/connector_metrics/ViewRequirementAgentConnector_ms,info/learner/default_policy/num_agent_steps_trained,info/learner/default_policy/num_grad_updates_lifetime,info/learner/default_policy/diff_num_grad_updates_vs_sampler_policy,info/learner/default_policy/learner_stats/allreduce_latency,info/learner/default_policy/learner_stats/grad_gnorm,info/learner/default_policy/learner_stats/cur_lr,info/learner/default_policy/learner_stats/entropy_coeff,info/learner/default_policy/learner_stats/policy_entropy,info/learner/default_policy/learner_stats/policy_loss,info/learner/default_policy/learner_stats/vf_loss
692305.6844704272,691933.8723594593,692180.9325315068,1200.0,3,0,1,0,0,5102880,5102880,5102880,5102880,3600,3600,317.39286870015803,317.39286870015803,5102880,3600,5102880,False,1212,581,1dd9e_00000,2023-07-25_14-41-11,1690285271,11.344337940216064,10190.975881576538,63591,MacBook-Air-Bulat-2.local,127.0.0.1,11.344337940216064,1,5102880,5102880,5102880,5102880,692305.6844704272,691933.8723594593,692180.9325315068,1200.0,3,0,"[692305.6844704272, 692303.2407646336, 691933.8723594593]","[1200, 1200, 1200]",1.4033169919866484,0.2402958688521445,0.05842850824688184,1.4187789764446672,0.0,0.005396207173665364,0.0016768773396809895,0.04401206970214844,3780.791,3763.482,0.377,3182861.383,16.329,73489.017,0.569,5102880,5102880,5102880,5102880,29.682352941176468,79.0,"[692305.6844704272, 692303.2407646336, 691933.8723594593]","[1200, 1200, 1200]",1.4033169919866484,0.2402958688521445,0.05842850824688184,1.4187789764446672,0.0,0.005396207173665364,0.0016768773396809895,0.04401206970214844,64.0,25.5,24.5,0.0,10.0,9.300000000000001e-05,0.009999999999999998,-824.2612609863281,1031863352494882.4,94983533772.8
692305.6844704272,691933.8723594593,692115.5905642576,1200.0,4,0,1,0,0,5107680,5107680,5107680,5107680,4800,4800,374.15123351106297,374.15123351106297,5107680,4800,5107680,False,1216,582,1dd9e_00000,2023-07-25_14-41-23,1690285283,12.831847190856934,10203.807728767395,63591,MacBook-Air-Bulat-2.local,127.0.0.1,24.176185131072998,2,5107680,5107680,5107680,5107680,692305.6844704272,691933.8723594593,692115.5905642576,1200.0,4,0,"[692305.6844704272, 692303.2407646336, 691933.8723594593, 692282.0494344605, 691988.5693394062, 692014.0973272175, 691981.6202541987]","[1200, 1200, 1200, 1200, 1200, 1200, 1200]",1.4125201064574509,0.23977702418226338,0.058309584878013805,1.2552113746786941,0.0,0.004717281886509487,0.0016484941755022322,0.04355566842215402,3453.052,3437.481,0.409,2936746.987,14.523,82628.358,0.605,5107680,5107680,5107680,5107680,31.899999999999995,79.12777777777778,"[692305.6844704272, 692303.2407646336, 691933.8723594593, 692282.0494344605, 691988.5693394062, 692014.0973272175, 691981.6202541987]","[1200, 1200, 1200, 1200, 1200, 1200, 1200]",1.4125201064574509,0.23977702418226338,0.058309584878013805,1.2552113746786941,0.0,0.004717281886509487,0.0016484941755022322,0.04355566842215402,64.0,65.5,64.5,0.0,10.0,7.7e-05,0.009999999999999998,-824.3796020507813,100013175745449.6,94991568076.8
692367.3877969892,691933.8723594593,692154.4912722469,1200.0,4,0,1,0,0,5112480,5112480,5112480,5112480,4800,4800,373.906115270894,373.906115270894,5112480,4800,5112480,False,1220,583,1dd9e_00000,2023-07-25_14-41-36,1690285296,12.840136051177979,10216.647864818573,63591,MacBook-Air-Bulat-2.local,127.0.0.1,37.01632118225098,3,5112480,5112480,5112480,5112480,692367.3877969892,691933.8723594593,692154.4912722469,1200.0,4,0,"[692305.6844704272, 692303.2407646336, 691933.8723594593, 692282.0494344605, 691988.5693394062, 692014.0973272175, 691981.6202541987, 692144.7817544951, 692101.2861470899, 692276.8143463384, 692367.3877969892]","[1200, 1200, 1200, 1200, 1200, 1200, 1200, 1200, 1200, 1200, 1200]",1.414880141494509,0.2405318162791253,0.058462411961579315,1.1828927841395824,0.0,0.004410743713378906,0.001712278886274858,0.044120441783558235,3196.375,3182.343,0.418,2872155.216,12.965,92554.078,0.612,5112480,5112480,5112480,5112480,27.983333333333334,79.79444444444445,"[692305.6844704272, 692303.2407646336, 691933.8723594593, 692282.0494344605, 691988.5693394062, 692014.0973272175, 691981.6202541987, 692144.7817544951, 692101.2861470899, 692276.8143463384, 692367.3877969892]","[1200, 1200, 1200, 1200, 1200, 1200, 1200, 1200, 1200, 1200, 1200]",1.414880141494509,0.2405318162791253,0.058462411961579315,1.1828927841395824,0.0,0.004410743713378906,0.001712278886274858,0.044120441783558235,64.0,105.5,104.5,0.0,10.0,4.6666666666666665e-05,0.009999999999999998,-824.0969787597656,36181318958496.8,95105055129.6
692367.9563616116,691732.6251955082,692126.3913908763,1200.0,4,0,1,0,0,5117280,5117280,5117280,5117280,4800,4800,370.1441148599079,370.1441148599079,5117280,4800,5117280,False,1224,584,1dd9e_00000,2023-07-25_14-41-49,1690285309,12.970040082931519,10229.617904901505,63591,MacBook-Air-Bulat-2.local,127.0.0.1,49.986361265182495,4,5117280,5117280,5117280,5117280,692367.9563616116,691732.6251955082,692126.3913908763,1200.0,4,0,"[692305.6844704272, 692303.2407646336, 691933.8723594593, 692282.0494344605, 691988.5693394062, 692014.0973272175, 691981.6202541987, 692144.7817544951, 692101.2861470899, 692276.8143463384, 692367.3877969892, 691912.0899342687, 691732.6251955082, 692367.9563616116, 692183.7953770367]","[1200, 1200, 1200, 1200, 1200, 1200, 1200, 1200, 1200, 1200, 1200, 1200, 1200, 1200, 1200]",1.4168510708758673,0.2415849076395126,0.058685991948083556,1.1402547520625723,0.0,0.0038989384969075522,0.001705487569173177,0.04546642303466797,3235.129,3220.878,0.421,2851166.827,13.142,91308.221,0.651,5117280,5117280,5117280,5117280,29.126315789473683,79.89473684210526,"[692305.6844704272, 692303.2407646336, 691933.8723594593, 692282.0494344605, 691988.5693394062, 692014.0973272175, 691981.6202541987, 692144.7817544951, 692101.2861470899, 692276.8143463384, 692367.3877969892, 691912.0899342687, 691732.6251955082, 692367.9563616116, 692183.7953770367]","[1200, 1200, 1200, 1200, 1200, 1200, 1200, 1200, 1200, 1200, 1200, 1200, 1200, 1200, 1200]",1.4168510708758673,0.2415849076395126,0.058685991948083556,1.1402547520625723,0.0,0.0038989384969075522,0.001705487569173177,0.04546642303466797,64.0,145.5,144.5,0.0,10.0,1.8e-05,0.009999999999999998,-824.2866027832031,39180129511283.2,95050543923.2
692538.9225289184,691732.6251955082,692158.6731775951,1200.0,4,0,1,0,0,5122080,5122080,5122080,5122080,4800,4800,371.89462042637655,371.89462042637655,5122080,4800,5122080,False,1228,585,1dd9e_00000,2023-07-25_14-42-02,1690285322,12.909502983093262,10242.527407884598,63591,MacBook-Air-Bulat-2.local,127.0.0.1,62.89586424827576,5,5122080,5122080,5122080,5122080,692538.9225289184,691732.6251955082,692158.6731775951,1200.0,4,0,"[692305.6844704272, 692303.2407646336, 691933.8723594593, 692282.0494344605, 691988.5693394062, 692014.0973272175, 691981.6202541987, 692144.7817544951, 692101.2861470899, 692276.8143463384, 692367.3877969892, 691912.0899342687, 691732.6251955082, 692367.9563616116, 692183.7953770367, 692281.7449217974, 692538.9225289184, 692171.1438364782, 692127.1082239718]","[1200, 1200, 1200, 1200, 1200, 1200, 1200, 1200, 1200, 1200, 1200, 1200, 1200, 1200, 1200, 1200, 1200, 1200, 1200]",1.4176860199222094,0.2424579619399131,0.058871676749495123,1.1117369599458693,0.0,0.0035825528596576894,0.0017178686041581003,0.04564460955168072,3232.181,3218.098,0.457,2623899.906,12.93,92804.431,0.645,5122080,5122080,5122080,5122080,27.38888888888889,79.24444444444445,"[692305.6844704272, 692303.2407646336, 691933.8723594593, 692282.0494344605, 691988.5693394062, 692014.0973272175, 691981.6202541987, 692144.7817544951, 692101.2861470899, 692276.8143463384, 692367.3877969892, 691912.0899342687, 691732.6251955082, 692367.9563616116, 692183.7953770367, 692281.7449217974, 692538.9225289184, 692171.1438364782, 692127.1082239718]","[1200, 1200, 1200, 1200, 1200, 1200, 1200, 1200, 1200, 1200, 1200, 1200, 1200, 1200, 1200, 1200, 1200, 1200, 1200]",1.4176860199222094,0.2424579619399131,0.058871676749495123,1.1117369599458693,0.0,0.0035825528596576894,0.0017178686041581003,0.04564460955168072,64.0,185.5,184.5,0.0,10.0,8.000000000000001e-06,0.009999999999999998,-824.324609375,279741689109.2,95033755238.4
692629.9904760376,691732.6251955082,692207.20477861,1200.0,4,0,1,0,0,5126880,5126880,5126880,5126880,4800,4800,368.35799389715265,368.35799389715265,5126880,4800,5126880,False,1232,586,1dd9e_00000,2023-07-25_14-42-15,1690285335,13.0327889919281,10255.560196876526,63591,MacBook-Air-Bulat-2.local,127.0.0.1,75.92865324020386,6,5126880,5126880,5126880,5126880,692629.9904760376,691732.6251955082,692207.20477861,1200.0,4,0,"[692305.6844704272, 692303.2407646336, 691933.8723594593, 692282.0494344605, 691988.5693394062, 692014.0973272175, 691981.6202541987, 692144.7817544951, 692101.2861470899, 692276.8143463384, 692367.3877969892, 691912.0899342687, 691732.6251955082, 692367.9563616116, 692183.7953770367, 692281.7449217974, 692538.9225289184, 692171.1438364782, 692127.1082239718, 692091.9980803085, 692548.3821675596, 692629.9904760376, 692480.5488098181]","[1200, 1200, 1200, 1200, 1200, 1200, 1200, 1200, 1200, 1200, 1200, 1200, 1200, 1200, 1200, 1200, 1200, 1200, 1200, 1200, 1200, 1200, 1200]",1.418458543570025,0.24325978073450177,0.05903543823689882,1.0913653583237986,0.0,0.0033368235049040422,0.001717650372049083,0.045640572257663894,3241.124,3227.751,0.475,2527196.626,12.194,98405.481,0.653,5126880,5126880,5126880,5126880,30.25789473684211,78.8157894736842,"[692305.6844704272, 692303.2407646336, 691933.8723594593, 692282.0494344605, 691988.5693394062, 692014.0973272175, 691981.6202541987, 692144.7817544951, 692101.2861470899, 692276.8143463384, 692367.3877969892, 691912.0899342687, 691732.6251955082, 692367.9563616116, 692183.7953770367, 692281.7449217974, 692538.9225289184, 692171.1438364782, 692127.1082239718, 692091.9980803085, 692548.3821675596, 692629.9904760376, 692480.5488098181]","[1200, 1200, 1200, 1200, 1200, 1200, 1200, 1200, 1200, 1200, 1200, 1200, 1200, 1200, 1200, 1200, 1200, 1200, 1200, 1200, 1200, 1200, 1200]",1.418458543570025,0.24325978073450177,0.05903543823689882,1.0913653583237986,0.0,0.0033368235049040422,0.001717650372049083,0.045640572257663894,64.0,225.5,224.5,0.0,10.0,4.666666666666667e-06,0.009999999999999998,-824.3243347167969,1050168264330.8,95147725209.6
692629.9904760376,691732.6251955082,692208.2318737896,1200.0,4,0,1,0,0,5131680,5131680,5131680,5131680,4800,4800,377.4476029721694,377.4476029721694,5131680,4800,5131680,False,1236,587,1dd9e_00000,2023-07-25_14-42-28,1690285348,12.718840837478638,10268.279037714005,63591,MacBook-Air-Bulat-2.local,127.0.0.1,88.6474940776825,7,5131680,5131680,5131680,5131680,692629.9904760376,691732.6251955082,692208.2318737896,1200.0,4,0,"[692305.6844704272, 692303.2407646336, 691933.8723594593, 692282.0494344605, 691988.5693394062, 692014.0973272175, 691981.6202541987, 692144.7817544951, 692101.2861470899, 692276.8143463384, 692367.3877969892, 691912.0899342687, 691732.6251955082, 692367.9563616116, 692183.7953770367, 692281.7449217974, 692538.9225289184, 692171.1438364782, 692127.1082239718, 692091.9980803085, 692548.3821675596, 692629.9904760376, 692480.5488098181, 692261.4938127396, 691994.7614878494, 692439.2727108793, 692161.0226728206]","[1200, 1200, 1200, 1200, 1200, 1200, 1200, 1200, 1200, 1200, 1200, 1200, 1200, 1200, 1200, 1200, 1200, 1200, 1200, 1200, 1200, 1200, 1200, 1200, 1200, 1200, 1200]",1.4181934002445251,0.24374029917345566,0.05913803678430532,1.07576721910618,0.0,0.0031444761488172743,0.0017174968013057002,0.045413441128200956,3225.11,3212.364,0.463,2589476.154,11.618,103287.416,0.614,5131680,5131680,5131680,5131680,25.927777777777777,78.12777777777777,"[692305.6844704272, 692303.2407646336, 691933.8723594593, 692282.0494344605, 691988.5693394062, 692014.0973272175, 691981.6202541987, 692144.7817544951, 692101.2861470899, 692276.8143463384, 692367.3877969892, 691912.0899342687, 691732.6251955082, 692367.9563616116, 692183.7953770367, 692281.7449217974, 692538.9225289184, 692171.1438364782, 692127.1082239718, 692091.9980803085, 692548.3821675596, 692629.9904760376, 692480.5488098181, 692261.4938127396, 691994.7614878494, 692439.2727108793, 692161.0226728206]","[1200, 1200, 1200, 1200, 1200, 1200, 1200, 1200, 1200, 1200, 1200, 1200, 1200, 1200, 1200, 1200, 1200, 1200, 1200, 1200, 1200, 1200, 1200, 1200, 1200, 1200, 1200]",1.4181934002445251,0.24374029917345566,0.05913803678430532,1.07576721910618,0.0,0.0031444761488172743,0.0017174968013057002,0.045413441128200956,64.0,265.5,264.5,0.0,10.0,1.8000000000000001e-06,0.009999999999999998,-824.3240295410156,892086886552.1,95030795878.4
692629.9904760376,691732.6251955082,692221.502008921,1200.0,4,0,1,0,0,5136480,5136480,5136480,5136480,4800,4800,377.897922474148,377.897922474148,5136480,4800,5136480,False,1240,588,1dd9e_00000,2023-07-25_14-42-41,1690285361,12.703742027282715,10280.982779741287,63591,MacBook-Air-Bulat-2.local,127.0.0.1,101.35123610496521,8,5136480,5136480,5136480,5136480,692629.9904760376,691732.6251955082,692221.502008921,1200.0,4,0,"[692305.6844704272, 692303.2407646336, 691933.8723594593, 692282.0494344605, 691988.5693394062, 692014.0973272175, 691981.6202541987, 692144.7817544951, 692101.2861470899, 692276.8143463384, 692367.3877969892, 691912.0899342687, 691732.6251955082, 692367.9563616116, 692183.7953770367, 692281.7449217974, 692538.9225289184, 692171.1438364782, 692127.1082239718, 692091.9980803085, 692548.3821675596, 692629.9904760376, 692480.5488098181, 692261.4938127396, 691994.7614878494, 692439.2727108793, 692161.0226728206, 692546.8821392949, 692342.1566222865, 692451.8507711749, 691903.4121514754]","[1200, 1200, 1200, 1200, 1200, 1200, 1200, 1200, 1200, 1200, 1200, 1200, 1200, 1200, 1200, 1200, 1200, 1200, 1200, 1200, 1200, 1200, 1200, 1200, 1200, 1200, 1200, 1200, 1200, 1200, 1200]",1.4176564489940637,0.24405499146277757,0.059208625078583994,1.0631181288554614,0.0,0.0030517578125,0.0017273810602003528,0.04582558908770161,3201.764,3189.238,0.438,2736903.1,11.449,104812.181,0.601,5136480,5136480,5136480,5136480,25.366666666666664,78.26111111111112,"[692305.6844704272, 692303.2407646336, 691933.8723594593, 692282.0494344605, 691988.5693394062, 692014.0973272175, 691981.6202541987, 692144.7817544951, 692101.2861470899, 692276.8143463384, 692367.3877969892, 691912.0899342687, 691732.6251955082, 692367.9563616116, 692183.7953770367, 692281.7449217974, 692538.9225289184, 692171.1438364782, 692127.1082239718, 692091.9980803085, 692548.3821675596, 692629.9904760376, 692480.5488098181, 692261.4938127396, 691994.7614878494, 692439.2727108793, 692161.0226728206, 692546.8821392949, 692342.1566222865, 692451.8507711749, 691903.4121514754]","[1200, 1200, 1200, 1200, 1200, 1200, 1200, 1200, 1200, 1200, 1200, 1200, 1200, 1200, 1200, 1200, 1200, 1200, 1200, 1200, 1200, 1200, 1200, 1200, 1200, 1200, 1200, 1200, 1200, 1200, 1200]",1.4176564489940637,0.24405499146277757,0.059208625078583994,1.0631181288554614,0.0,0.0030517578125,0.0017273810602003528,0.04582558908770161,64.0,305.5,304.5,0.0,10.0,8e-07,0.009999999999999998,-824.3238525390625,161640380561.6,94961845862.4
692718.7816541854,691732.6251955082,692254.0766285856,1200.0,4,0,1,0,0,5141280,5141280,5141280,5141280,4800,4800,367.3237170724237,367.3237170724237,5141280,4800,5141280,False,1244,589,1dd9e_00000,2023-07-25_14-42-54,1690285374,13.069821834564209,10294.052601575851,63591,MacBook-Air-Bulat-2.local,127.0.0.1,114.42105793952942,9,5141280,5141280,5141280,5141280,692718.7816541854,691732.6251955082,692254.0766285856,1200.0,4,0,"[692305.6844704272, 692303.2407646336, 691933.8723594593, 692282.0494344605, 691988.5693394062, 692014.0973272175, 691981.6202541987, 692144.7817544951, 692101.2861470899, 692276.8143463384, 692367.3877969892, 691912.0899342687, 691732.6251955082, 692367.9563616116, 692183.7953770367, 692281.7449217974, 692538.9225289184, 692171.1438364782, 692127.1082239718, 692091.9980803085, 692548.3821675596, 692629.9904760376, 692480.5488098181, 692261.4938127396, 691994.7614878494, 692439.2727108793, 692161.0226728206, 692546.8821392949, 692342.1566222865, 692451.8507711749, 691903.4121514754, 692640.6896997269, 692411.8910613528, 692718.7816541854, 692254.7573086768]","[1200, 1200, 1200, 1200, 1200, 1200, 1200, 1200, 1200, 1200, 1200, 1200, 1200, 1200, 1200, 1200, 1200, 1200, 1200, 1200, 1200, 1200, 1200, 1200, 1200, 1200, 1200, 1200, 1200, 1200, 1200, 1200, 1200, 1200, 1200]",1.4174551740766694,0.24440367479544303,0.05928280866097439,1.0530065198981222,0.0,0.0029502596173967633,0.0017268317086356027,0.045649664742606025,3205.299,3192.69,0.435,2758805.525,11.553,103868.684,0.58,5141280,5141280,5141280,5141280,27.538888888888884,79.55555555555554,"[692305.6844704272, 692303.2407646336, 691933.8723594593, 692282.0494344605, 691988.5693394062, 692014.0973272175, 691981.6202541987, 692144.7817544951, 692101.2861470899, 692276.8143463384, 692367.3877969892, 691912.0899342687, 691732.6251955082, 692367.9563616116, 692183.7953770367, 692281.7449217974, 692538.9225289184, 692171.1438364782, 692127.1082239718, 692091.9980803085, 692548.3821675596, 692629.9904760376, 692480.5488098181, 692261.4938127396, 691994.7614878494, 692439.2727108793, 692161.0226728206, 692546.8821392949, 692342.1566222865, 692451.8507711749, 691903.4121514754, 692640.6896997269, 692411.8910613528, 692718.7816541854, 692254.7573086768]","[1200, 1200, 1200, 1200, 1200, 1200, 1200, 1200, 1200, 1200, 1200, 1200, 1200, 1200, 1200, 1200, 1200, 1200, 1200, 1200, 1200, 1200, 1200, 1200, 1200, 1200, 1200, 1200, 1200, 1200, 1200, 1200, 1200, 1200, 1200]",1.4174551740766694,0.24440367479544303,0.05928280866097439,1.0530065198981222,0.0,0.0029502596173967633,0.0017268317086356027,0.045649664742606025,64.0,345.5,344.5,0.0,10.0,4.666666666666666e-07,0.009999999999999998,-824.3238708496094,53039585331.2,95074091417.6
692718.7816541854,691732.6251955082,692254.6854130095,1200.0,4,0,1,0,0,5146080,5146080,5146080,5146080,4800,4800,378.30064728218053,378.30064728218053,5146080,4800,5146080,False,1248,590,1dd9e_00000,2023-07-25_14-43-07,1690285387,12.69028902053833,10306.74289059639,63591,MacBook-Air-Bulat-2.local,127.0.0.1,127.11134696006775,10,5146080,5146080,5146080,5146080,692718.7816541854,691732.6251955082,692254.6854130095,1200.0,4,0,"[692305.6844704272, 692303.2407646336, 691933.8723594593, 692282.0494344605, 691988.5693394062, 692014.0973272175, 691981.6202541987, 692144.7817544951, 692101.2861470899, 692276.8143463384, 692367.3877969892, 691912.0899342687, 691732.6251955082, 692367.9563616116, 692183.7953770367, 692281.7449217974, 692538.9225289184, 692171.1438364782, 692127.1082239718, 692091.9980803085, 692548.3821675596, 692629.9904760376, 692480.5488098181, 692261.4938127396, 691994.7614878494, 692439.2727108793, 692161.0226728206, 692546.8821392949, 692342.1566222865, 692451.8507711749, 691903.4121514754, 692640.6896997269, 692411.8910613528, 692718.7816541854, 692254.7573086768, 692644.2805445115, 692075.6782648554, 692295.1658255967, 692024.9244719073]","[1200, 1200, 1200, 1200, 1200, 1200, 1200, 1200, 1200, 1200, 1200, 1200, 1200, 1200, 1200, 1200, 1200, 1200, 1200, 1200, 1200, 1200, 1200, 1200, 1200, 1200, 1200, 1200, 1200, 1200, 1200, 1200, 1200, 1200, 1200, 1200, 1200, 1200, 1200]",1.4170481154408219,0.24459970468000813,0.05934036107208439,1.0444176851934348,0.0,0.0029123746431790865,0.0017490142431014623,0.04648123032007462,3212.079,3198.25,0.442,2714906.306,12.709,94418.459,0.636,5146080,5146080,5146080,5146080,23.166666666666668,78.61666666666666,"[692305.6844704272, 692303.2407646336, 691933.8723594593, 692282.0494344605, 691988.5693394062, 692014.0973272175, 691981.6202541987, 692144.7817544951, 692101.2861470899, 692276.8143463384, 692367.3877969892, 691912.0899342687, 691732.6251955082, 692367.9563616116, 692183.7953770367, 692281.7449217974, 692538.9225289184, 692171.1438364782, 692127.1082239718, 692091.9980803085, 692548.3821675596, 692629.9904760376, 692480.5488098181, 692261.4938127396, 691994.7614878494, 692439.2727108793, 692161.0226728206, 692546.8821392949, 692342.1566222865, 692451.8507711749, 691903.4121514754, 692640.6896997269, 692411.8910613528, 692718.7816541854, 692254.7573086768, 692644.2805445115, 692075.6782648554, 692295.1658255967, 692024.9244719073]","[1200, 1200, 1200, 1200, 1200, 1200, 1200, 1200, 1200, 1200, 1200, 1200, 1200, 1200, 1200, 1200, 1200, 1200, 1200, 1200, 1200, 1200, 1200, 1200, 1200, 1200, 1200, 1200, 1200, 1200, 1200, 1200, 1200, 1200, 1200, 1200, 1200, 1200, 1200]",1.4170481154408219,0.24459970468000813,0.05934036107208439,1.0444176851934348,0.0,0.0029123746431790865,0.0017490142431014623,0.04648123032007462,64.0,385.5,384.5,0.0,10.0,1.8e-07,0.009999999999999998,-824.3238525390625,5558555828.7,95034608844.8
692718.7816541854,691732.6251955082,692261.5913412386,1200.0,4,0,1,0,0,5150880,5150880,5150880,5150880,4800,4800,377.6654056346689,377.6654056346689,5150880,4800,5150880,False,1252,591,1dd9e_00000,2023-07-25_14-43-19,1690285399,12.711792945861816,10319.454683542252,63591,MacBook-Air-Bulat-2.local,127.0.0.1,139.82313990592957,11,5150880,5150880,5150880,5150880,692718.7816541854,691732.6251955082,692261.5913412386,1200.0,4,0,"[692305.6844704272, 692303.2407646336, 691933.8723594593, 692282.0494344605, 691988.5693394062, 692014.0973272175, 691981.6202541987, 692144.7817544951, 692101.2861470899, 692276.8143463384, 692367.3877969892, 691912.0899342687, 691732.6251955082, 692367.9563616116, 692183.7953770367, 692281.7449217974, 692538.9225289184, 692171.1438364782, 692127.1082239718, 692091.9980803085, 692548.3821675596, 692629.9904760376, 692480.5488098181, 692261.4938127396, 691994.7614878494, 692439.2727108793, 692161.0226728206, 692546.8821392949, 692342.1566222865, 692451.8507711749, 691903.4121514754, 692640.6896997269, 692411.8910613528, 692718.7816541854, 692254.7573086768, 692644.2805445115, 692075.6782648554, 692295.1658255967, 692024.9244719073, 692327.7233743373, 692303.7246480555, 692616.965257654, 692067.2832858529]","[1200, 1200, 1200, 1200, 1200, 1200, 1200, 1200, 1200, 1200, 1200, 1200, 1200, 1200, 1200, 1200, 1200, 1200, 1200, 1200, 1200, 1200, 1200, 1200, 1200, 1200, 1200, 1200, 1200, 1200, 1200, 1200, 1200, 1200, 1200, 1200, 1200, 1200, 1200, 1200, 1200, 1200, 1200]",1.4166177017844896,0.24471533706431714,0.059379009318402134,1.037006673989251,0.0,0.00287322110907976,0.0017526537873024165,0.046489959539369095,3180.697,3167.166,0.419,2862517.659,12.466,96263.662,0.609,5150880,5150880,5150880,5150880,29.966666666666665,78.15555555555555,"[692305.6844704272, 692303.2407646336, 691933.8723594593, 692282.0494344605, 691988.5693394062, 692014.0973272175, 691981.6202541987, 692144.7817544951, 692101.2861470899, 692276.8143463384, 692367.3877969892, 691912.0899342687, 691732.6251955082, 692367.9563616116, 692183.7953770367, 692281.7449217974, 692538.9225289184, 692171.1438364782, 692127.1082239718, 692091.9980803085, 692548.3821675596, 692629.9904760376, 692480.5488098181, 692261.4938127396, 691994.7614878494, 692439.2727108793, 692161.0226728206, 692546.8821392949, 692342.1566222865, 692451.8507711749, 691903.4121514754, 692640.6896997269, 692411.8910613528, 692718.7816541854, 692254.7573086768, 692644.2805445115, 692075.6782648554, 692295.1658255967, 692024.9244719073, 692327.7233743373, 692303.7246480555, 692616.965257654, 692067.2832858529]","[1200, 1200, 1200, 1200, 1200, 1200, 1200, 1200, 1200, 1200, 1200, 1200, 1200, 1200, 1200, 1200, 1200, 1200, 1200, 1200, 1200, 1200, 1200, 1200, 1200, 1200, 1200, 1200, 1200, 1200, 1200, 1200, 1200, 1200, 1200, 1200, 1200, 1200, 1200, 1200, 1200, 1200, 1200]",1.4166177017844896,0.24471533706431714,0.059379009318402134,1.037006673989251,0.0,0.00287322110907976,0.0017526537873024165,0.046489959539369095,64.0,425.5,424.5,0.0,10.0,5.999999999999998e-08,0.009999999999999998,-824.3238708496094,379945539.0,95053303398.4
692725.6608740913,691732.6251955082,692276.5053055784,1200.0,4,0,1,0,0,5155680,5155680,5155680,5155680,4800,4800,380.42229422354126,380.42229422354126,5155680,4800,5155680,False,1256,592,1dd9e_00000,2023-07-25_14-43-32,1690285412,12.619575023651123,10332.074258565903,63591,MacBook-Air-Bulat-2.local,127.0.0.1,152.4427149295807,12,5155680,5155680,5155680,5155680,692725.6608740913,691732.6251955082,692276.5053055784,1200.0,4,0,"[692305.6844704272, 692303.2407646336, 691933.8723594593, 692282.0494344605, 691988.5693394062, 692014.0973272175, 691981.6202541987, 692144.7817544951, 692101.2861470899, 692276.8143463384, 692367.3877969892, 691912.0899342687, 691732.6251955082, 692367.9563616116, 692183.7953770367, 692281.7449217974, 692538.9225289184, 692171.1438364782, 692127.1082239718, 692091.9980803085, 692548.3821675596, 692629.9904760376, 692480.5488098181, 692261.4938127396, 691994.7614878494, 692439.2727108793, 692161.0226728206, 692546.8821392949, 692342.1566222865, 692451.8507711749, 691903.4121514754, 692640.6896997269, 692411.8910613528, 692718.7816541854, 692254.7573086768, 692644.2805445115, 692075.6782648554, 692295.1658255967, 692024.9244719073, 692327.7233743373, 692303.7246480555, 692616.965257654, 692067.2832858529, 692268.9709617359, 692725.6608740913, 692393.3560511392, 692359.3338019532]","[1200, 1200, 1200, 1200, 1200, 1200, 1200, 1200, 1200, 1200, 1200, 1200, 1200, 1200, 1200, 1200, 1200, 1200, 1200, 1200, 1200, 1200, 1200, 1200, 1200, 1200, 1200, 1200, 1200, 1200, 1200, 1200, 1200, 1200, 1200, 1200, 1200, 1200, 1200, 1200, 1200, 1200, 1200, 1200, 1200, 1200, 1200]",1.416004834702634,0.24477278762875557,0.0594038926200111,1.0305866232169927,0.0,0.0028280501670025766,0.001763790211779006,0.04640386459675241,3173.655,3161.236,0.41,2927279.749,11.426,105024.107,0.549,5155680,5155680,5155680,5155680,24.283333333333335,77.84444444444445,"[692305.6844704272, 692303.2407646336, 691933.8723594593, 692282.0494344605, 691988.5693394062, 692014.0973272175, 691981.6202541987, 692144.7817544951, 692101.2861470899, 692276.8143463384, 692367.3877969892, 691912.0899342687, 691732.6251955082, 692367.9563616116, 692183.7953770367, 692281.7449217974, 692538.9225289184, 692171.1438364782, 692127.1082239718, 692091.9980803085, 692548.3821675596, 692629.9904760376, 692480.5488098181, 692261.4938127396, 691994.7614878494, 692439.2727108793, 692161.0226728206, 692546.8821392949, 692342.1566222865, 692451.8507711749, 691903.4121514754, 692640.6896997269, 692411.8910613528, 692718.7816541854, 692254.7573086768, 692644.2805445115, 692075.6782648554, 692295.1658255967, 692024.9244719073, 692327.7233743373, 692303.7246480555, 692616.965257654, 692067.2832858529, 692268.9709617359, 692725.6608740913, 692393.3560511392, 692359.3338019532]","[1200, 1200, 1200, 1200, 1200, 1200, 1200, 1200, 1200, 1200, 1200, 1200, 1200, 1200, 1200, 1200, 1200, 1200, 1200, 1200, 1200, 1200, 1200, 1200, 1200, 1200, 1200, 1200, 1200, 1200, 1200, 1200, 1200, 1200, 1200, 1200, 1200, 1200, 1200, 1200, 1200, 1200, 1200, 1200, 1200, 1200, 1200]",1.416004834702634,0.24477278762875557,0.0594038926200111,1.0305866232169927,0.0,0.0028280501670025766,0.001763790211779006,0.04640386459675241,64.0,465.5,464.5,0.0,10.0,1e-08,0.009999999999999998,-824.3246032714844,31891603.7,95107185049.6
692750.545384386,691732.6251955082,692293.5737021527,1200.0,4,0,1,0,0,5160480,5160480,5160480,5160480,4800,4800,362.57035015779724,362.57035015779724,5160480,4800,5160480,False,1260,593,1dd9e_00000,2023-07-25_14-43-45,1690285425,13.240748882293701,10345.315007448196,63591,MacBook-Air-Bulat-2.local,127.0.0.1,165.6834638118744,13,5160480,5160480,5160480,5160480,692750.545384386,691732.6251955082,692293.5737021527,1200.0,4,0,"[692305.6844704272, 692303.2407646336, 691933.8723594593, 692282.0494344605, 691988.5693394062, 692014.0973272175, 691981.6202541987, 692144.7817544951, 692101.2861470899, 692276.8143463384, 692367.3877969892, 691912.0899342687, 691732.6251955082, 692367.9563616116, 692183.7953770367, 692281.7449217974, 692538.9225289184, 692171.1438364782, 692127.1082239718, 692091.9980803085, 692548.3821675596, 692629.9904760376, 692480.5488098181, 692261.4938127396, 691994.7614878494, 692439.2727108793, 692161.0226728206, 692546.8821392949, 692342.1566222865, 692451.8507711749, 691903.4121514754, 692640.6896997269, 692411.8910613528, 692718.7816541854, 692254.7573086768, 692644.2805445115, 692075.6782648554, 692295.1658255967, 692024.9244719073, 692327.7233743373, 692303.7246480555, 692616.965257654, 692067.2832858529, 692268.9709617359, 692725.6608740913, 692393.3560511392, 692359.3338019532, 692371.5313647181, 692750.545384386, 692581.7166248843, 692272.7160736138]","[1200, 1200, 1200, 1200, 1200, 1200, 1200, 1200, 1200, 1200, 1200, 1200, 1200, 1200, 1200, 1200, 1200, 1200, 1200, 1200, 1200, 1200, 1200, 1200, 1200, 1200, 1200, 1200, 1200, 1200, 1200, 1200, 1200, 1200, 1200, 1200, 1200, 1200, 1200, 1200, 1200, 1200, 1200, 1200, 1200, 1200, 1200, 1200, 1200, 1200, 1200]",1.4155612027003803,0.2449714016452074,0.05945117077262413,1.025261270363387,0.0,0.0028404535031786153,0.00179748909146178,0.04734058006137025,3218.362,3205.338,0.465,2578069.354,11.92,100669.538,0.6,5160480,5160480,5160480,5160480,28.91052631578948,78.65263157894736,"[692305.6844704272, 692303.2407646336, 691933.8723594593, 692282.0494344605, 691988.5693394062, 692014.0973272175, 691981.6202541987, 692144.7817544951, 692101.2861470899, 692276.8143463384, 692367.3877969892, 691912.0899342687, 691732.6251955082, 692367.9563616116, 692183.7953770367, 692281.7449217974, 692538.9225289184, 692171.1438364782, 692127.1082239718, 692091.9980803085, 692548.3821675596, 692629.9904760376, 692480.5488098181, 692261.4938127396, 691994.7614878494, 692439.2727108793, 692161.0226728206, 692546.8821392949, 692342.1566222865, 692451.8507711749, 691903.4121514754, 692640.6896997269, 692411.8910613528, 692718.7816541854, 692254.7573086768, 692644.2805445115, 692075.6782648554, 692295.1658255967, 692024.9244719073, 692327.7233743373, 692303.7246480555, 692616.965257654, 692067.2832858529, 692268.9709617359, 692725.6608740913, 692393.3560511392, 692359.3338019532, 692371.5313647181, 692750.545384386, 692581.7166248843, 692272.7160736138]","[1200, 1200, 1200, 1200, 1200, 1200, 1200, 1200, 1200, 1200, 1200, 1200, 1200, 1200, 1200, 1200, 1200, 1200, 1200, 1200, 1200, 1200, 1200, 1200, 1200, 1200, 1200, 1200, 1200, 1200, 1200, 1200, 1200, 1200, 1200, 1200, 1200, 1200, 1200, 1200, 1200, 1200, 1200, 1200, 1200, 1200, 1200, 1200, 1200, 1200, 1200]",1.4155612027003803,0.2449714016452074,0.05945117077262413,1.025261270363387,0.0,0.0028404535031786153,0.00179748909146178,0.04734058006137025,64.0,505.5,504.5,0.0,10.0,1e-08,0.009999999999999998,-824.3250061035156,84591947.0,95067688550.4
692750.545384386,691732.6251955082,692308.7109846756,1200.0,4,0,1,0,0,5165280,5165280,5165280,5165280,4800,4800,371.62089906682684,371.62089906682684,5165280,4800,5165280,False,1264,594,1dd9e_00000,2023-07-25_14-43-58,1690285438,12.918613195419312,10358.233620643616,63591,MacBook-Air-Bulat-2.local,127.0.0.1,178.6020770072937,14,5165280,5165280,5165280,5165280,692750.545384386,691732.6251955082,692308.7109846756,1200.0,4,0,"[692305.6844704272, 692303.2407646336, 691933.8723594593, 692282.0494344605, 691988.5693394062, 692014.0973272175, 691981.6202541987, 692144.7817544951, 692101.2861470899, 692276.8143463384, 692367.3877969892, 691912.0899342687, 691732.6251955082, 692367.9563616116, 692183.7953770367, 692281.7449217974, 692538.9225289184, 692171.1438364782, 692127.1082239718, 692091.9980803085, 692548.3821675596, 692629.9904760376, 692480.5488098181, 692261.4938127396, 691994.7614878494, 692439.2727108793, 692161.0226728206, 692546.8821392949, 692342.1566222865, 692451.8507711749, 691903.4121514754, 692640.6896997269, 692411.8910613528, 692718.7816541854, 692254.7573086768, 692644.2805445115, 692075.6782648554, 692295.1658255967, 692024.9244719073, 692327.7233743373, 692303.7246480555, 692616.965257654, 692067.2832858529, 692268.9709617359, 692725.6608740913, 692393.3560511392, 692359.3338019532, 692371.5313647181, 692750.545384386, 692581.7166248843, 692272.7160736138, 692382.555087237, 692525.4637445781, 692507.01577096, 692591.810744589]","[1200, 1200, 1200, 1200, 1200, 1200, 1200, 1200, 1200, 1200, 1200, 1200, 1200, 1200, 1200, 1200, 1200, 1200, 1200, 1200, 1200, 1200, 1200, 1200, 1200, 1200, 1200, 1200, 1200, 1200, 1200, 1200, 1200, 1200, 1200, 1200, 1200, 1200, 1200, 1200, 1200, 1200, 1200, 1200, 1200, 1200, 1200, 1200, 1200, 1200, 1200, 1200, 1200, 1200, 1200]",1.4151491280409059,0.24517058008901949,0.0594959893555314,1.0206292777168506,0.0,0.0027899308638139205,0.0017985430630770597,0.04724719307639382,3246.052,3232.822,0.488,2457600.0,12.08,99339.694,0.611,5165280,5165280,5165280,5165280,26.121052631578944,79.36842105263158,"[692305.6844704272, 692303.2407646336, 691933.8723594593, 692282.0494344605, 691988.5693394062, 692014.0973272175, 691981.6202541987, 692144.7817544951, 692101.2861470899, 692276.8143463384, 692367.3877969892, 691912.0899342687, 691732.6251955082, 692367.9563616116, 692183.7953770367, 692281.7449217974, 692538.9225289184, 692171.1438364782, 692127.1082239718, 692091.9980803085, 692548.3821675596, 692629.9904760376, 692480.5488098181, 692261.4938127396, 691994.7614878494, 692439.2727108793, 692161.0226728206, 692546.8821392949, 692342.1566222865, 692451.8507711749, 691903.4121514754, 692640.6896997269, 692411.8910613528, 692718.7816541854, 692254.7573086768, 692644.2805445115, 692075.6782648554, 692295.1658255967, 692024.9244719073, 692327.7233743373, 692303.7246480555, 692616.965257654, 692067.2832858529, 692268.9709617359, 692725.6608740913, 692393.3560511392, 692359.3338019532, 692371.5313647181, 692750.545384386, 692581.7166248843, 692272.7160736138, 692382.555087237, 692525.4637445781, 692507.01577096, 692591.810744589]","[1200, 1200, 1200, 1200, 1200, 1200, 1200, 1200, 1200, 1200, 1200, 1200, 1200, 1200, 1200, 1200, 1200, 1200, 1200, 1200, 1200, 1200, 1200, 1200, 1200, 1200, 1200, 1200, 1200, 1200, 1200, 1200, 1200, 1200, 1200, 1200, 1200, 1200, 1200, 1200, 1200, 1200, 1200, 1200, 1200, 1200, 1200, 1200, 1200, 1200, 1200, 1200, 1200, 1200, 1200]",1.4151491280409059,0.24517058008901949,0.0594959893555314,1.0206292777168506,0.0,0.0027899308638139205,0.0017985430630770597,0.04724719307639382,64.0,545.5,544.5,0.0,10.0,1e-08,0.009999999999999998,-824.3251953125,65463162.9,95168745062.4
692750.545384386,691732.6251955082,692308.5956968706,1200.0,4,0,1,0,0,5170080,5170080,5170080,5170080,4800,4800,378.80987524181455,378.80987524181455,5170080,4800,5170080,False,1268,595,1dd9e_00000,2023-07-25_14-44-11,1690285451,12.673500776290894,10370.907121419907,63591,MacBook-Air-Bulat-2.local,127.0.0.1,191.2755777835846,15,5170080,5170080,5170080,5170080,692750.545384386,691732.6251955082,692308.5956968706,1200.0,4,0,"[692305.6844704272, 692303.2407646336, 691933.8723594593, 692282.0494344605, 691988.5693394062, 692014.0973272175, 691981.6202541987, 692144.7817544951, 692101.2861470899, 692276.8143463384, 692367.3877969892, 691912.0899342687, 691732.6251955082, 692367.9563616116, 692183.7953770367, 692281.7449217974, 692538.9225289184, 692171.1438364782, 692127.1082239718, 692091.9980803085, 692548.3821675596, 692629.9904760376, 692480.5488098181, 692261.4938127396, 691994.7614878494, 692439.2727108793, 692161.0226728206, 692546.8821392949, 692342.1566222865, 692451.8507711749, 691903.4121514754, 692640.6896997269, 692411.8910613528, 692718.7816541854, 692254.7573086768, 692644.2805445115, 692075.6782648554, 692295.1658255967, 692024.9244719073, 692327.7233743373, 692303.7246480555, 692616.965257654, 692067.2832858529, 692268.9709617359, 692725.6608740913, 692393.3560511392, 692359.3338019532, 692371.5313647181, 692750.545384386, 692581.7166248843, 692272.7160736138, 692382.555087237, 692525.4637445781, 692507.01577096, 692591.810744589, 692512.4047258548, 692362.7100465138, 692331.6864530437, 692021.2407328045]","[1200, 1200, 1200, 1200, 1200, 1200, 1200, 1200, 1200, 1200, 1200, 1200, 1200, 1200, 1200, 1200, 1200, 1200, 1200, 1200, 1200, 1200, 1200, 1200, 1200, 1200, 1200, 1200, 1200, 1200, 1200, 1200, 1200, 1200, 1200, 1200, 1200, 1200, 1200, 1200, 1200, 1200, 1200, 1200, 1200, 1200, 1200, 1200, 1200, 1200, 1200, 1200, 1200, 1200, 1200, 1200, 1200, 1200, 1200]",1.4146829920642037,0.24531131094981912,0.05952897627079367,1.0164727547836128,0.0,0.00274343005681442,0.0017946049318475238,0.04716283183986858,3214.277,3201.152,0.448,2677072.922,12.022,99816.651,0.606,5170080,5170080,5170080,5170080,24.944444444444443,78.66111111111111,"[692305.6844704272, 692303.2407646336, 691933.8723594593, 692282.0494344605, 691988.5693394062, 692014.0973272175, 691981.6202541987, 692144.7817544951, 692101.2861470899, 692276.8143463384, 692367.3877969892, 691912.0899342687, 691732.6251955082, 692367.9563616116, 692183.7953770367, 692281.7449217974, 692538.9225289184, 692171.1438364782, 692127.1082239718, 692091.9980803085, 692548.3821675596, 692629.9904760376, 692480.5488098181, 692261.4938127396, 691994.7614878494, 692439.2727108793, 692161.0226728206, 692546.8821392949, 692342.1566222865, 692451.8507711749, 691903.4121514754, 692640.6896997269, 692411.8910613528, 692718.7816541854, 692254.7573086768, 692644.2805445115, 692075.6782648554, 692295.1658255967, 692024.9244719073, 692327.7233743373, 692303.7246480555, 692616.965257654, 692067.2832858529, 692268.9709617359, 692725.6608740913, 692393.3560511392, 692359.3338019532, 692371.5313647181, 692750.545384386, 692581.7166248843, 692272.7160736138, 692382.555087237, 692525.4637445781, 692507.01577096, 692591.810744589, 692512.4047258548, 692362.7100465138, 692331.6864530437, 692021.2407328045]","[1200, 1200, 1200, 1200, 1200, 1200, 1200, 1200, 1200, 1200, 1200, 1200, 1200, 1200, 1200, 1200, 1200, 1200, 1200, 1200, 1200, 1200, 1200, 1200, 1200, 1200, 1200, 1200, 1200, 1200, 1200, 1200, 1200, 1200, 1200, 1200, 1200, 1200, 1200, 1200, 1200, 1200, 1200, 1200, 1200, 1200, 1200, 1200, 1200, 1200, 1200, 1200, 1200, 1200, 1200, 1200, 1200, 1200, 1200]",1.4146829920642037,0.24531131094981912,0.05952897627079367,1.0164727547836128,0.0,0.00274343005681442,0.0017946049318475238,0.04716283183986858,64.0,585.5,584.5,0.0,10.0,1e-08,0.009999999999999998,-824.325244140625,63984216.9,94992589209.6
692750.545384386,691732.6251955082,692316.785863774,1200.0,4,0,1,0,0,5174880,5174880,5174880,5174880,4800,4800,376.9541818693821,376.9541818693821,5174880,4800,5174880,False,1272,596,1dd9e_00000,2023-07-25_14-44-24,1690285464,12.735700845718384,10383.642822265625,63591,MacBook-Air-Bulat-2.local,127.0.0.1,204.01127862930298,16,5174880,5174880,5174880,5174880,692750.545384386,691732.6251955082,692316.785863774,1200.0,4,0,"[692305.6844704272, 692303.2407646336, 691933.8723594593, 692282.0494344605, 691988.5693394062, 692014.0973272175, 691981.6202541987, 692144.7817544951, 692101.2861470899, 692276.8143463384, 692367.3877969892, 691912.0899342687, 691732.6251955082, 692367.9563616116, 692183.7953770367, 692281.7449217974, 692538.9225289184, 692171.1438364782, 692127.1082239718, 692091.9980803085, 692548.3821675596, 692629.9904760376, 692480.5488098181, 692261.4938127396, 691994.7614878494, 692439.2727108793, 692161.0226728206, 692546.8821392949, 692342.1566222865, 692451.8507711749, 691903.4121514754, 692640.6896997269, 692411.8910613528, 692718.7816541854, 692254.7573086768, 692644.2805445115, 692075.6782648554, 692295.1658255967, 692024.9244719073, 692327.7233743373, 692303.7246480555, 692616.965257654, 692067.2832858529, 692268.9709617359, 692725.6608740913, 692393.3560511392, 692359.3338019532, 692371.5313647181, 692750.545384386, 692581.7166248843, 692272.7160736138, 692382.555087237, 692525.4637445781, 692507.01577096, 692591.810744589, 692512.4047258548, 692362.7100465138, 692331.6864530437, 692021.2407328045, 692349.1232410804, 692572.1995318163, 692586.2193637167, 692242.8211657874]","[1200, 1200, 1200, 1200, 1200, 1200, 1200, 1200, 1200, 1200, 1200, 1200, 1200, 1200, 1200, 1200, 1200, 1200, 1200, 1200, 1200, 1200, 1200, 1200, 1200, 1200, 1200, 1200, 1200, 1200, 1200, 1200, 1200, 1200, 1200, 1200, 1200, 1200, 1200, 1200, 1200, 1200, 1200, 1200, 1200, 1200, 1200, 1200, 1200, 1200, 1200, 1200, 1200, 1200, 1200, 1200, 1200, 1200, 1200, 1200, 1200, 1200, 1200]",1.4142393780152542,0.24541662621452354,0.05955488039545651,1.012704501284076,0.0,0.0026994281344943577,0.0017866255745055183,0.046949537973555305,3172.297,3159.517,0.42,2855696.34,11.721,102380.42,0.601,5174880,5174880,5174880,5174880,24.477777777777778,78.8111111111111,"[692305.6844704272, 692303.2407646336, 691933.8723594593, 692282.0494344605, 691988.5693394062, 692014.0973272175, 691981.6202541987, 692144.7817544951, 692101.2861470899, 692276.8143463384, 692367.3877969892, 691912.0899342687, 691732.6251955082, 692367.9563616116, 692183.7953770367, 692281.7449217974, 692538.9225289184, 692171.1438364782, 692127.1082239718, 692091.9980803085, 692548.3821675596, 692629.9904760376, 692480.5488098181, 692261.4938127396, 691994.7614878494, 692439.2727108793, 692161.0226728206, 692546.8821392949, 692342.1566222865, 692451.8507711749, 691903.4121514754, 692640.6896997269, 692411.8910613528, 692718.7816541854, 692254.7573086768, 692644.2805445115, 692075.6782648554, 692295.1658255967, 692024.9244719073, 692327.7233743373, 692303.7246480555, 692616.965257654, 692067.2832858529, 692268.9709617359, 692725.6608740913, 692393.3560511392, 692359.3338019532, 692371.5313647181, 692750.545384386, 692581.7166248843, 692272.7160736138, 692382.555087237, 692525.4637445781, 692507.01577096, 692591.810744589, 692512.4047258548, 692362.7100465138, 692331.6864530437, 692021.2407328045, 692349.1232410804, 692572.1995318163, 692586.2193637167, 692242.8211657874]","[1200, 1200, 1200, 1200, 1200, 1200, 1200, 1200, 1200, 1200, 1200, 1200, 1200, 1200, 1200, 1200, 1200, 1200, 1200, 1200, 1200, 1200, 1200, 1200, 1200, 1200, 1200, 1200, 1200, 1200, 1200, 1200, 1200, 1200, 1200, 1200, 1200, 1200, 1200, 1200, 1200, 1200, 1200, 1200, 1200, 1200, 1200, 1200, 1200, 1200, 1200, 1200, 1200, 1200, 1200, 1200, 1200, 1200, 1200, 1200, 1200, 1200, 1200]",1.4142393780152542,0.24541662621452354,0.05955488039545651,1.012704501284076,0.0,0.0026994281344943577,0.0017866255745055183,0.046949537973555305,64.0,625.5,624.5,0.0,10.0,1e-08,0.009999999999999998,-824.3251953125,-32863663.9,95052595200.0
692750.545384386,691732.6251955082,692317.0776585882,1200.0,4,0,1,0,0,5179680,5179680,5179680,5179680,4800,4800,378.14239480000236,378.14239480000236,5179680,4800,5179680,False,1276,597,1dd9e_00000,2023-07-25_14-44-36,1690285476,12.695828199386597,10396.338650465012,63591,MacBook-Air-Bulat-2.local,127.0.0.1,216.70710682868958,17,5179680,5179680,5179680,5179680,692750.545384386,691732.6251955082,692317.0776585882,1200.0,4,0,"[692305.6844704272, 692303.2407646336, 691933.8723594593, 692282.0494344605, 691988.5693394062, 692014.0973272175, 691981.6202541987, 692144.7817544951, 692101.2861470899, 692276.8143463384, 692367.3877969892, 691912.0899342687, 691732.6251955082, 692367.9563616116, 692183.7953770367, 692281.7449217974, 692538.9225289184, 692171.1438364782, 692127.1082239718, 692091.9980803085, 692548.3821675596, 692629.9904760376, 692480.5488098181, 692261.4938127396, 691994.7614878494, 692439.2727108793, 692161.0226728206, 692546.8821392949, 692342.1566222865, 692451.8507711749, 691903.4121514754, 692640.6896997269, 692411.8910613528, 692718.7816541854, 692254.7573086768, 692644.2805445115, 692075.6782648554, 692295.1658255967, 692024.9244719073, 692327.7233743373, 692303.7246480555, 692616.965257654, 692067.2832858529, 692268.9709617359, 692725.6608740913, 692393.3560511392, 692359.3338019532, 692371.5313647181, 692750.545384386, 692581.7166248843, 692272.7160736138, 692382.555087237, 692525.4637445781, 692507.01577096, 692591.810744589, 692512.4047258548, 692362.7100465138, 692331.6864530437, 692021.2407328045, 692349.1232410804, 692572.1995318163, 692586.2193637167, 692242.8211657874, 692222.3505500004, 692203.7070417393, 692504.2049289915, 692356.4311869098]","[1200, 1200, 1200, 1200, 1200, 1200, 1200, 1200, 1200, 1200, 1200, 1200, 1200, 1200, 1200, 1200, 1200, 1200, 1200, 1200, 1200, 1200, 1200, 1200, 1200, 1200, 1200, 1200, 1200, 1200, 1200, 1200, 1200, 1200, 1200, 1200, 1200, 1200, 1200, 1200, 1200, 1200, 1200, 1200, 1200, 1200, 1200, 1200, 1200, 1200, 1200, 1200, 1200, 1200, 1200, 1200, 1200, 1200, 1200, 1200, 1200, 1200, 1200, 1200, 1200, 1200, 1200]",1.4138107537423552,0.2454883360639285,0.05957441550811296,1.009261301636019,0.0,0.0026581892326696596,0.0017820899166277986,0.0467940942565007,3173.022,3159.993,0.42,2858940.528,11.959,100340.401,0.614,5179680,5179680,5179680,5179680,23.005555555555556,78.59444444444445,"[692305.6844704272, 692303.2407646336, 691933.8723594593, 692282.0494344605, 691988.5693394062, 692014.0973272175, 691981.6202541987, 692144.7817544951, 692101.2861470899, 692276.8143463384, 692367.3877969892, 691912.0899342687, 691732.6251955082, 692367.9563616116, 692183.7953770367, 692281.7449217974, 692538.9225289184, 692171.1438364782, 692127.1082239718, 692091.9980803085, 692548.3821675596, 692629.9904760376, 692480.5488098181, 692261.4938127396, 691994.7614878494, 692439.2727108793, 692161.0226728206, 692546.8821392949, 692342.1566222865, 692451.8507711749, 691903.4121514754, 692640.6896997269, 692411.8910613528, 692718.7816541854, 692254.7573086768, 692644.2805445115, 692075.6782648554, 692295.1658255967, 692024.9244719073, 692327.7233743373, 692303.7246480555, 692616.965257654, 692067.2832858529, 692268.9709617359, 692725.6608740913, 692393.3560511392, 692359.3338019532, 692371.5313647181, 692750.545384386, 692581.7166248843, 692272.7160736138, 692382.555087237, 692525.4637445781, 692507.01577096, 692591.810744589, 692512.4047258548, 692362.7100465138, 692331.6864530437, 692021.2407328045, 692349.1232410804, 692572.1995318163, 692586.2193637167, 692242.8211657874, 692222.3505500004, 692203.7070417393, 692504.2049289915, 692356.4311869098]","[1200, 1200, 1200, 1200, 1200, 1200, 1200, 1200, 1200, 1200, 1200, 1200, 1200, 1200, 1200, 1200, 1200, 1200, 1200, 1200, 1200, 1200, 1200, 1200, 1200, 1200, 1200, 1200, 1200, 1200, 1200, 1200, 1200, 1200, 1200, 1200, 1200, 1200, 1200, 1200, 1200, 1200, 1200, 1200, 1200, 1200, 1200, 1200, 1200, 1200, 1200, 1200, 1200, 1200, 1200, 1200, 1200, 1200, 1200, 1200, 1200, 1200, 1200, 1200, 1200, 1200, 1200]",1.4138107537423552,0.2454883360639285,0.05957441550811296,1.009261301636019,0.0,0.0026581892326696596,0.0017820899166277986,0.0467940942565007,64.0,665.5,664.5,0.0,10.0,1e-08,0.009999999999999998,-824.3251953125,-20365563.8,95108393369.6
692829.8274216813,691732.6251955082,692334.6198029036,1200.0,4,0,1,0,0,5184480,5184480,5184480,5184480,4800,4800,369.5180903669006,369.5180903669006,5184480,4800,5184480,False,1280,598,1dd9e_00000,2023-07-25_14-44-49,1690285489,12.991873025894165,10409.330523490906,63591,MacBook-Air-Bulat-2.local,127.0.0.1,229.69897985458374,18,5184480,5184480,5184480,5184480,692829.8274216813,691732.6251955082,692334.6198029036,1200.0,4,0,"[692305.6844704272, 692303.2407646336, 691933.8723594593, 692282.0494344605, 691988.5693394062, 692014.0973272175, 691981.6202541987, 692144.7817544951, 692101.2861470899, 692276.8143463384, 692367.3877969892, 691912.0899342687, 691732.6251955082, 692367.9563616116, 692183.7953770367, 692281.7449217974, 692538.9225289184, 692171.1438364782, 692127.1082239718, 692091.9980803085, 692548.3821675596, 692629.9904760376, 692480.5488098181, 692261.4938127396, 691994.7614878494, 692439.2727108793, 692161.0226728206, 692546.8821392949, 692342.1566222865, 692451.8507711749, 691903.4121514754, 692640.6896997269, 692411.8910613528, 692718.7816541854, 692254.7573086768, 692644.2805445115, 692075.6782648554, 692295.1658255967, 692024.9244719073, 692327.7233743373, 692303.7246480555, 692616.965257654, 692067.2832858529, 692268.9709617359, 692725.6608740913, 692393.3560511392, 692359.3338019532, 692371.5313647181, 692750.545384386, 692581.7166248843, 692272.7160736138, 692382.555087237, 692525.4637445781, 692507.01577096, 692591.810744589, 692512.4047258548, 692362.7100465138, 692331.6864530437, 692021.2407328045, 692349.1232410804, 692572.1995318163, 692586.2193637167, 692242.8211657874, 692222.3505500004, 692203.7070417393, 692504.2049289915, 692356.4311869098, 692608.3081213043, 692369.1412988774, 692829.8274216813, 692706.5260388895]","[1200, 1200, 1200, 1200, 1200, 1200, 1200, 1200, 1200, 1200, 1200, 1200, 1200, 1200, 1200, 1200, 1200, 1200, 1200, 1200, 1200, 1200, 1200, 1200, 1200, 1200, 1200, 1200, 1200, 1200, 1200, 1200, 1200, 1200, 1200, 1200, 1200, 1200, 1200, 1200, 1200, 1200, 1200, 1200, 1200, 1200, 1200, 1200, 1200, 1200, 1200, 1200, 1200, 1200, 1200, 1200, 1200, 1200, 1200, 1200, 1200, 1200, 1200, 1200, 1200, 1200, 1200, 1200, 1200, 1200, 1200]",1.4134531021915855,0.24558229446717642,0.05959598954252841,1.0061855096866046,0.0,0.0026343573986644477,0.0017777295179770027,0.046707207048443,3203.656,3190.847,0.437,2743467.132,11.761,102035.883,0.574,5184480,5184480,5184480,5184480,29.90555555555555,79.06666666666668,"[692305.6844704272, 692303.2407646336, 691933.8723594593, 692282.0494344605, 691988.5693394062, 692014.0973272175, 691981.6202541987, 692144.7817544951, 692101.2861470899, 692276.8143463384, 692367.3877969892, 691912.0899342687, 691732.6251955082, 692367.9563616116, 692183.7953770367, 692281.7449217974, 692538.9225289184, 692171.1438364782, 692127.1082239718, 692091.9980803085, 692548.3821675596, 692629.9904760376, 692480.5488098181, 692261.4938127396, 691994.7614878494, 692439.2727108793, 692161.0226728206, 692546.8821392949, 692342.1566222865, 692451.8507711749, 691903.4121514754, 692640.6896997269, 692411.8910613528, 692718.7816541854, 692254.7573086768, 692644.2805445115, 692075.6782648554, 692295.1658255967, 692024.9244719073, 692327.7233743373, 692303.7246480555, 692616.965257654, 692067.2832858529, 692268.9709617359, 692725.6608740913, 692393.3560511392, 692359.3338019532, 692371.5313647181, 692750.545384386, 692581.7166248843, 692272.7160736138, 692382.555087237, 692525.4637445781, 692507.01577096, 692591.810744589, 692512.4047258548, 692362.7100465138, 692331.6864530437, 692021.2407328045, 692349.1232410804, 692572.1995318163, 692586.2193637167, 692242.8211657874, 692222.3505500004, 692203.7070417393, 692504.2049289915, 692356.4311869098, 692608.3081213043, 692369.1412988774, 692829.8274216813, 692706.5260388895]","[1200, 1200, 1200, 1200, 1200, 1200, 1200, 1200, 1200, 1200, 1200, 1200, 1200, 1200, 1200, 1200, 1200, 1200, 1200, 1200, 1200, 1200, 1200, 1200, 1200, 1200, 1200, 1200, 1200, 1200, 1200, 1200, 1200, 1200, 1200, 1200, 1200, 1200, 1200, 1200, 1200, 1200, 1200, 1200, 1200, 1200, 1200, 1200, 1200, 1200, 1200, 1200, 1200, 1200, 1200, 1200, 1200, 1200, 1200, 1200, 1200, 1200, 1200, 1200, 1200, 1200, 1200, 1200, 1200, 1200, 1200]",1.4134531021915855,0.24558229446717642,0.05959598954252841,1.0061855096866046,0.0,0.0026343573986644477,0.0017777295179770027,0.046707207048443,64.0,705.5,704.5,0.0,10.0,1e-08,0.009999999999999998,-824.3257263183593,-34191659.4,95200831078.4
692829.8274216813,691732.6251955082,692327.8386997139,1200.0,4,0,1,0,0,5189280,5189280,5189280,5189280,4800,4800,374.4173181792644,374.4173181792644,5189280,4800,5189280,False,1284,599,1dd9e_00000,2023-07-25_14-45-02,1690285502,12.821883916854858,10422.15240740776,63591,MacBook-Air-Bulat-2.local,127.0.0.1,242.5208637714386,19,5189280,5189280,5189280,5189280,692829.8274216813,691732.6251955082,692327.8386997139,1200.0,4,0,"[692305.6844704272, 692303.2407646336, 691933.8723594593, 692282.0494344605, 691988.5693394062, 692014.0973272175, 691981.6202541987, 692144.7817544951, 692101.2861470899, 692276.8143463384, 692367.3877969892, 691912.0899342687, 691732.6251955082, 692367.9563616116, 692183.7953770367, 692281.7449217974, 692538.9225289184, 692171.1438364782, 692127.1082239718, 692091.9980803085, 692548.3821675596, 692629.9904760376, 692480.5488098181, 692261.4938127396, 691994.7614878494, 692439.2727108793, 692161.0226728206, 692546.8821392949, 692342.1566222865, 692451.8507711749, 691903.4121514754, 692640.6896997269, 692411.8910613528, 692718.7816541854, 692254.7573086768, 692644.2805445115, 692075.6782648554, 692295.1658255967, 692024.9244719073, 692327.7233743373, 692303.7246480555, 692616.965257654, 692067.2832858529, 692268.9709617359, 692725.6608740913, 692393.3560511392, 692359.3338019532, 692371.5313647181, 692750.545384386, 692581.7166248843, 692272.7160736138, 692382.555087237, 692525.4637445781, 692507.01577096, 692591.810744589, 692512.4047258548, 692362.7100465138, 692331.6864530437, 692021.2407328045, 692349.1232410804, 692572.1995318163, 692586.2193637167, 692242.8211657874, 692222.3505500004, 692203.7070417393, 692504.2049289915, 692356.4311869098, 692608.3081213043, 692369.1412988774, 692829.8274216813, 692706.5260388895, 692251.4924173492, 692166.6621675924, 692283.4834172489, 692128.2584701942]","[1200, 1200, 1200, 1200, 1200, 1200, 1200, 1200, 1200, 1200, 1200, 1200, 1200, 1200, 1200, 1200, 1200, 1200, 1200, 1200, 1200, 1200, 1200, 1200, 1200, 1200, 1200, 1200, 1200, 1200, 1200, 1200, 1200, 1200, 1200, 1200, 1200, 1200, 1200, 1200, 1200, 1200, 1200, 1200, 1200, 1200, 1200, 1200, 1200, 1200, 1200, 1200, 1200, 1200, 1200, 1200, 1200, 1200, 1200, 1200, 1200, 1200, 1200, 1200, 1200, 1200, 1200, 1200, 1200, 1200, 1200, 1200, 1200, 1200, 1200]",1.4131362837329582,0.24566783258604075,0.05961552979812412,1.0033669277441588,0.0,0.002620697021484375,0.001781781514485677,0.0470129648844401,3221.048,3208.256,0.438,2737647.43,11.739,102219.901,0.577,5189280,5189280,5189280,5189280,26.963157894736838,78.90526315789474,"[692305.6844704272, 692303.2407646336, 691933.8723594593, 692282.0494344605, 691988.5693394062, 692014.0973272175, 691981.6202541987, 692144.7817544951, 692101.2861470899, 692276.8143463384, 692367.3877969892, 691912.0899342687, 691732.6251955082, 692367.9563616116, 692183.7953770367, 692281.7449217974, 692538.9225289184, 692171.1438364782, 692127.1082239718, 692091.9980803085, 692548.3821675596, 692629.9904760376, 692480.5488098181, 692261.4938127396, 691994.7614878494, 692439.2727108793, 692161.0226728206, 692546.8821392949, 692342.1566222865, 692451.8507711749, 691903.4121514754, 692640.6896997269, 692411.8910613528, 692718.7816541854, 692254.7573086768, 692644.2805445115, 692075.6782648554, 692295.1658255967, 692024.9244719073, 692327.7233743373, 692303.7246480555, 692616.965257654, 692067.2832858529, 692268.9709617359, 692725.6608740913, 692393.3560511392, 692359.3338019532, 692371.5313647181, 692750.545384386, 692581.7166248843, 692272.7160736138, 692382.555087237, 692525.4637445781, 692507.01577096, 692591.810744589, 692512.4047258548, 692362.7100465138, 692331.6864530437, 692021.2407328045, 692349.1232410804, 692572.1995318163, 692586.2193637167, 692242.8211657874, 692222.3505500004, 692203.7070417393, 692504.2049289915, 692356.4311869098, 692608.3081213043, 692369.1412988774, 692829.8274216813, 692706.5260388895, 692251.4924173492, 692166.6621675924, 692283.4834172489, 692128.2584701942]","[1200, 1200, 1200, 1200, 1200, 1200, 1200, 1200, 1200, 1200, 1200, 1200, 1200, 1200, 1200, 1200, 1200, 1200, 1200, 1200, 1200, 1200, 1200, 1200, 1200, 1200, 1200, 1200, 1200, 1200, 1200, 1200, 1200, 1200, 1200, 1200, 1200, 1200, 1200, 1200, 1200, 1200, 1200, 1200, 1200, 1200, 1200, 1200, 1200, 1200, 1200, 1200, 1200, 1200, 1200, 1200, 1200, 1200, 1200, 1200, 1200, 1200, 1200, 1200, 1200, 1200, 1200, 1200, 1200, 1200, 1200, 1200, 1200, 1200, 1200]",1.4131362837329582,0.24566783258604075,0.05961552979812412,1.0033669277441588,0.0,0.002620697021484375,0.001781781514485677,0.0470129648844401,64.0,745.5,744.5,0.0,10.0,1e-08,0.009999999999999998,-824.3270568847656,6366125.0,95032844697.6
692829.8274216813,691732.6251955082,692321.0967729986,1200.0,4,0,1,0,0,5194080,5194080,5194080,5194080,4800,4800,382.60890056907124,382.60890056907124,5194080,4800,5194080,False,1288,600,1dd9e_00000,2023-07-25_14-45-15,1690285515,12.547701120376587,10434.700108528137,63591,MacBook-Air-Bulat-2.local,127.0.0.1,255.06856489181519,20,5194080,5194080,5194080,5194080,692829.8274216813,691732.6251955082,692321.0967729986,1200.0,4,0,"[692305.6844704272, 692303.2407646336, 691933.8723594593, 692282.0494344605, 691988.5693394062, 692014.0973272175, 691981.6202541987, 692144.7817544951, 692101.2861470899, 692276.8143463384, 692367.3877969892, 691912.0899342687, 691732.6251955082, 692367.9563616116, 692183.7953770367, 692281.7449217974, 692538.9225289184, 692171.1438364782, 692127.1082239718, 692091.9980803085, 692548.3821675596, 692629.9904760376, 692480.5488098181, 692261.4938127396, 691994.7614878494, 692439.2727108793, 692161.0226728206, 692546.8821392949, 692342.1566222865, 692451.8507711749, 691903.4121514754, 692640.6896997269, 692411.8910613528, 692718.7816541854, 692254.7573086768, 692644.2805445115, 692075.6782648554, 692295.1658255967, 692024.9244719073, 692327.7233743373, 692303.7246480555, 692616.965257654, 692067.2832858529, 692268.9709617359, 692725.6608740913, 692393.3560511392, 692359.3338019532, 692371.5313647181, 692750.545384386, 692581.7166248843, 692272.7160736138, 692382.555087237, 692525.4637445781, 692507.01577096, 692591.810744589, 692512.4047258548, 692362.7100465138, 692331.6864530437, 692021.2407328045, 692349.1232410804, 692572.1995318163, 692586.2193637167, 692242.8211657874, 692222.3505500004, 692203.7070417393, 692504.2049289915, 692356.4311869098, 692608.3081213043, 692369.1412988774, 692829.8274216813, 692706.5260388895, 692251.4924173492, 692166.6621675924, 692283.4834172489, 692128.2584701942, 692524.1057047623, 692227.3071442172, 692167.8414421208, 691859.4882972358]","[1200, 1200, 1200, 1200, 1200, 1200, 1200, 1200, 1200, 1200, 1200, 1200, 1200, 1200, 1200, 1200, 1200, 1200, 1200, 1200, 1200, 1200, 1200, 1200, 1200, 1200, 1200, 1200, 1200, 1200, 1200, 1200, 1200, 1200, 1200, 1200, 1200, 1200, 1200, 1200, 1200, 1200, 1200, 1200, 1200, 1200, 1200, 1200, 1200, 1200, 1200, 1200, 1200, 1200, 1200, 1200, 1200, 1200, 1200, 1200, 1200, 1200, 1200, 1200, 1200, 1200, 1200, 1200, 1200, 1200, 1200, 1200, 1200, 1200, 1200, 1200, 1200, 1200, 1200]",1.412784430444727,0.24571438570504142,0.05962781375210174,1.000732196632455,0.0,0.0025906140291238134,0.0017793872688390033,0.046834161009969594,3176.528,3163.976,0.414,2900123.768,11.53,104075.516,0.572,5194080,5194080,5194080,5194080,22.50588235294118,78.05882352941177,"[692305.6844704272, 692303.2407646336, 691933.8723594593, 692282.0494344605, 691988.5693394062, 692014.0973272175, 691981.6202541987, 692144.7817544951, 692101.2861470899, 692276.8143463384, 692367.3877969892, 691912.0899342687, 691732.6251955082, 692367.9563616116, 692183.7953770367, 692281.7449217974, 692538.9225289184, 692171.1438364782, 692127.1082239718, 692091.9980803085, 692548.3821675596, 692629.9904760376, 692480.5488098181, 692261.4938127396, 691994.7614878494, 692439.2727108793, 692161.0226728206, 692546.8821392949, 692342.1566222865, 692451.8507711749, 691903.4121514754, 692640.6896997269, 692411.8910613528, 692718.7816541854, 692254.7573086768, 692644.2805445115, 692075.6782648554, 692295.1658255967, 692024.9244719073, 692327.7233743373, 692303.7246480555, 692616.965257654, 692067.2832858529, 692268.9709617359, 692725.6608740913, 692393.3560511392, 692359.3338019532, 692371.5313647181, 692750.545384386, 692581.7166248843, 692272.7160736138, 692382.555087237, 692525.4637445781, 692507.01577096, 692591.810744589, 692512.4047258548, 692362.7100465138, 692331.6864530437, 692021.2407328045, 692349.1232410804, 692572.1995318163, 692586.2193637167, 692242.8211657874, 692222.3505500004, 692203.7070417393, 692504.2049289915, 692356.4311869098, 692608.3081213043, 692369.1412988774, 692829.8274216813, 692706.5260388895, 692251.4924173492, 692166.6621675924, 692283.4834172489, 692128.2584701942, 692524.1057047623, 692227.3071442172, 692167.8414421208, 691859.4882972358]","[1200, 1200, 1200, 1200, 1200, 1200, 1200, 1200, 1200, 1200, 1200, 1200, 1200, 1200, 1200, 1200, 1200, 1200, 1200, 1200, 1200, 1200, 1200, 1200, 1200, 1200, 1200, 1200, 1200, 1200, 1200, 1200, 1200, 1200, 1200, 1200, 1200, 1200, 1200, 1200, 1200, 1200, 1200, 1200, 1200, 1200, 1200, 1200, 1200, 1200, 1200, 1200, 1200, 1200, 1200, 1200, 1200, 1200, 1200, 1200, 1200, 1200, 1200, 1200, 1200, 1200, 1200, 1200, 1200, 1200, 1200, 1200, 1200, 1200, 1200, 1200, 1200, 1200, 1200]",1.412784430444727,0.24571438570504142,0.05962781375210174,1.000732196632455,0.0,0.0025906140291238134,0.0017793872688390033,0.046834161009969594,64.0,785.5,784.5,0.0,10.0,1e-08,0.009999999999999998,-824.3277709960937,-34665279.6,94958763212.8
692829.8274216813,691732.6251955082,692316.9791970492,1200.0,4,0,1,0,0,5198880,5198880,5198880,5198880,4800,4800,375.71711480426444,375.71711480426444,5198880,4800,5198880,False,1292,601,1dd9e_00000,2023-07-25_14-45-27,1690285527,12.77763295173645,10447.477741479874,63591,MacBook-Air-Bulat-2.local,127.0.0.1,267.84619784355164,21,5198880,5198880,5198880,5198880,692829.8274216813,691732.6251955082,692316.9791970492,1200.0,4,0,"[692305.6844704272, 692303.2407646336, 691933.8723594593, 692282.0494344605, 691988.5693394062, 692014.0973272175, 691981.6202541987, 692144.7817544951, 692101.2861470899, 692276.8143463384, 692367.3877969892, 691912.0899342687, 691732.6251955082, 692367.9563616116, 692183.7953770367, 692281.7449217974, 692538.9225289184, 692171.1438364782, 692127.1082239718, 692091.9980803085, 692548.3821675596, 692629.9904760376, 692480.5488098181, 692261.4938127396, 691994.7614878494, 692439.2727108793, 692161.0226728206, 692546.8821392949, 692342.1566222865, 692451.8507711749, 691903.4121514754, 692640.6896997269, 692411.8910613528, 692718.7816541854, 692254.7573086768, 692644.2805445115, 692075.6782648554, 692295.1658255967, 692024.9244719073, 692327.7233743373, 692303.7246480555, 692616.965257654, 692067.2832858529, 692268.9709617359, 692725.6608740913, 692393.3560511392, 692359.3338019532, 692371.5313647181, 692750.545384386, 692581.7166248843, 692272.7160736138, 692382.555087237, 692525.4637445781, 692507.01577096, 692591.810744589, 692512.4047258548, 692362.7100465138, 692331.6864530437, 692021.2407328045, 692349.1232410804, 692572.1995318163, 692586.2193637167, 692242.8211657874, 692222.3505500004, 692203.7070417393, 692504.2049289915, 692356.4311869098, 692608.3081213043, 692369.1412988774, 692829.8274216813, 692706.5260388895, 692251.4924173492, 692166.6621675924, 692283.4834172489, 692128.2584701942, 692524.1057047623, 692227.3071442172, 692167.8414421208, 691859.4882972358, 692193.5862547191, 692247.697149975, 692204.6656709764, 692296.6792125265]","[1200, 1200, 1200, 1200, 1200, 1200, 1200, 1200, 1200, 1200, 1200, 1200, 1200, 1200, 1200, 1200, 1200, 1200, 1200, 1200, 1200, 1200, 1200, 1200, 1200, 1200, 1200, 1200, 1200, 1200, 1200, 1200, 1200, 1200, 1200, 1200, 1200, 1200, 1200, 1200, 1200, 1200, 1200, 1200, 1200, 1200, 1200, 1200, 1200, 1200, 1200, 1200, 1200, 1200, 1200, 1200, 1200, 1200, 1200, 1200, 1200, 1200, 1200, 1200, 1200, 1200, 1200, 1200, 1200, 1200, 1200, 1200, 1200, 1200, 1200, 1200, 1200, 1200, 1200, 1200, 1200, 1200, 1200]",1.412468254328781,0.2457565893785787,0.059640555238256,0.998283049395331,0.0,0.0025823891881000564,0.0017806708094585373,0.046936000686093986,3172.425,3159.744,0.44,2725196.167,11.624,103234.877,0.579,5198880,5198880,5198880,5198880,24.705263157894734,78.85789473684208,"[692305.6844704272, 692303.2407646336, 691933.8723594593, 692282.0494344605, 691988.5693394062, 692014.0973272175, 691981.6202541987, 692144.7817544951, 692101.2861470899, 692276.8143463384, 692367.3877969892, 691912.0899342687, 691732.6251955082, 692367.9563616116, 692183.7953770367, 692281.7449217974, 692538.9225289184, 692171.1438364782, 692127.1082239718, 692091.9980803085, 692548.3821675596, 692629.9904760376, 692480.5488098181, 692261.4938127396, 691994.7614878494, 692439.2727108793, 692161.0226728206, 692546.8821392949, 692342.1566222865, 692451.8507711749, 691903.4121514754, 692640.6896997269, 692411.8910613528, 692718.7816541854, 692254.7573086768, 692644.2805445115, 692075.6782648554, 692295.1658255967, 692024.9244719073, 692327.7233743373, 692303.7246480555, 692616.965257654, 692067.2832858529, 692268.9709617359, 692725.6608740913, 692393.3560511392, 692359.3338019532, 692371.5313647181, 692750.545384386, 692581.7166248843, 692272.7160736138, 692382.555087237, 692525.4637445781, 692507.01577096, 692591.810744589, 692512.4047258548, 692362.7100465138, 692331.6864530437, 692021.2407328045, 692349.1232410804, 692572.1995318163, 692586.2193637167, 692242.8211657874, 692222.3505500004, 692203.7070417393, 692504.2049289915, 692356.4311869098, 692608.3081213043, 692369.1412988774, 692829.8274216813, 692706.5260388895, 692251.4924173492, 692166.6621675924, 692283.4834172489, 692128.2584701942, 692524.1057047623, 692227.3071442172, 692167.8414421208, 691859.4882972358, 692193.5862547191, 692247.697149975, 692204.6656709764, 692296.6792125265]","[1200, 1200, 1200, 1200, 1200, 1200, 1200, 1200, 1200, 1200, 1200, 1200, 1200, 1200, 1200, 1200, 1200, 1200, 1200, 1200, 1200, 1200, 1200, 1200, 1200, 1200, 1200, 1200, 1200, 1200, 1200, 1200, 1200, 1200, 1200, 1200, 1200, 1200, 1200, 1200, 1200, 1200, 1200, 1200, 1200, 1200, 1200, 1200, 1200, 1200, 1200, 1200, 1200, 1200, 1200, 1200, 1200, 1200, 1200, 1200, 1200, 1200, 1200, 1200, 1200, 1200, 1200, 1200, 1200, 1200, 1200, 1200, 1200, 1200, 1200, 1200, 1200, 1200, 1200, 1200, 1200, 1200, 1200]",1.412468254328781,0.2457565893785787,0.059640555238256,0.998283049395331,0.0,0.0025823891881000564,0.0017806708094585373,0.046936000686093986,64.0,825.5,824.5,0.0,10.0,1e-08,0.009999999999999998,-824.3292663574218,-3449865.4,95086417920.0
692829.8274216813,691732.6251955082,692331.6104341866,1200.0,4,0,1,0,0,5203680,5203680,5203680,5203680,4800,4800,381.12584697722787,381.12584697722787,5203680,4800,5203680,False,1296,602,1dd9e_00000,2023-07-25_14-45-40,1690285540,12.596315860748291,10460.074057340622,63591,MacBook-Air-Bulat-2.local,127.0.0.1,280.4425137042999,22,5203680,5203680,5203680,5203680,692829.8274216813,691732.6251955082,692331.6104341866,1200.0,4,0,"[692305.6844704272, 692303.2407646336, 691933.8723594593, 692282.0494344605, 691988.5693394062, 692014.0973272175, 691981.6202541987, 692144.7817544951, 692101.2861470899, 692276.8143463384, 692367.3877969892, 691912.0899342687, 691732.6251955082, 692367.9563616116, 692183.7953770367, 692281.7449217974, 692538.9225289184, 692171.1438364782, 692127.1082239718, 692091.9980803085, 692548.3821675596, 692629.9904760376, 692480.5488098181, 692261.4938127396, 691994.7614878494, 692439.2727108793, 692161.0226728206, 692546.8821392949, 692342.1566222865, 692451.8507711749, 691903.4121514754, 692640.6896997269, 692411.8910613528, 692718.7816541854, 692254.7573086768, 692644.2805445115, 692075.6782648554, 692295.1658255967, 692024.9244719073, 692327.7233743373, 692303.7246480555, 692616.965257654, 692067.2832858529, 692268.9709617359, 692725.6608740913, 692393.3560511392, 692359.3338019532, 692371.5313647181, 692750.545384386, 692581.7166248843, 692272.7160736138, 692382.555087237, 692525.4637445781, 692507.01577096, 692591.810744589, 692512.4047258548, 692362.7100465138, 692331.6864530437, 692021.2407328045, 692349.1232410804, 692572.1995318163, 692586.2193637167, 692242.8211657874, 692222.3505500004, 692203.7070417393, 692504.2049289915, 692356.4311869098, 692608.3081213043, 692369.1412988774, 692829.8274216813, 692706.5260388895, 692251.4924173492, 692166.6621675924, 692283.4834172489, 692128.2584701942, 692524.1057047623, 692227.3071442172, 692167.8414421208, 691859.4882972358, 692193.5862547191, 692247.697149975, 692204.6656709764, 692296.6792125265, 692415.1012738756, 692702.4194823381, 692750.7629569727, 692672.5507059834]","[1200, 1200, 1200, 1200, 1200, 1200, 1200, 1200, 1200, 1200, 1200, 1200, 1200, 1200, 1200, 1200, 1200, 1200, 1200, 1200, 1200, 1200, 1200, 1200, 1200, 1200, 1200, 1200, 1200, 1200, 1200, 1200, 1200, 1200, 1200, 1200, 1200, 1200, 1200, 1200, 1200, 1200, 1200, 1200, 1200, 1200, 1200, 1200, 1200, 1200, 1200, 1200, 1200, 1200, 1200, 1200, 1200, 1200, 1200, 1200, 1200, 1200, 1200, 1200, 1200, 1200, 1200, 1200, 1200, 1200, 1200, 1200, 1200, 1200, 1200, 1200, 1200, 1200, 1200, 1200, 1200, 1200, 1200, 1200, 1200, 1200, 1200]",1.4121378316533386,0.2457874342035373,0.05965043734897726,0.9959769885192195,0.0,0.002561492481450925,0.0017752592591033585,0.046810336496638155,3160.692,3148.179,0.451,2658127.7,11.443,104870.272,0.579,5203680,5203680,5203680,5203680,26.01111111111111,78.25555555555553,"[692305.6844704272, 692303.2407646336, 691933.8723594593, 692282.0494344605, 691988.5693394062, 692014.0973272175, 691981.6202541987, 692144.7817544951, 692101.2861470899, 692276.8143463384, 692367.3877969892, 691912.0899342687, 691732.6251955082, 692367.9563616116, 692183.7953770367, 692281.7449217974, 692538.9225289184, 692171.1438364782, 692127.1082239718, 692091.9980803085, 692548.3821675596, 692629.9904760376, 692480.5488098181, 692261.4938127396, 691994.7614878494, 692439.2727108793, 692161.0226728206, 692546.8821392949, 692342.1566222865, 692451.8507711749, 691903.4121514754, 692640.6896997269, 692411.8910613528, 692718.7816541854, 692254.7573086768, 692644.2805445115, 692075.6782648554, 692295.1658255967, 692024.9244719073, 692327.7233743373, 692303.7246480555, 692616.965257654, 692067.2832858529, 692268.9709617359, 692725.6608740913, 692393.3560511392, 692359.3338019532, 692371.5313647181, 692750.545384386, 692581.7166248843, 692272.7160736138, 692382.555087237, 692525.4637445781, 692507.01577096, 692591.810744589, 692512.4047258548, 692362.7100465138, 692331.6864530437, 692021.2407328045, 692349.1232410804, 692572.1995318163, 692586.2193637167, 692242.8211657874, 692222.3505500004, 692203.7070417393, 692504.2049289915, 692356.4311869098, 692608.3081213043, 692369.1412988774, 692829.8274216813, 692706.5260388895, 692251.4924173492, 692166.6621675924, 692283.4834172489, 692128.2584701942, 692524.1057047623, 692227.3071442172, 692167.8414421208, 691859.4882972358, 692193.5862547191, 692247.697149975, 692204.6656709764, 692296.6792125265, 692415.1012738756, 692702.4194823381, 692750.7629569727, 692672.5507059834]","[1200, 1200, 1200, 1200, 1200, 1200, 1200, 1200, 1200, 1200, 1200, 1200, 1200, 1200, 1200, 1200, 1200, 1200, 1200, 1200, 1200, 1200, 1200, 1200, 1200, 1200, 1200, 1200, 1200, 1200, 1200, 1200, 1200, 1200, 1200, 1200, 1200, 1200, 1200, 1200, 1200, 1200, 1200, 1200, 1200, 1200, 1200, 1200, 1200, 1200, 1200, 1200, 1200, 1200, 1200, 1200, 1200, 1200, 1200, 1200, 1200, 1200, 1200, 1200, 1200, 1200, 1200, 1200, 1200, 1200, 1200, 1200, 1200, 1200, 1200, 1200, 1200, 1200, 1200, 1200, 1200, 1200, 1200, 1200, 1200, 1200, 1200]",1.4121378316533386,0.2457874342035373,0.05965043734897726,0.9959769885192195,0.0,0.002561492481450925,0.0017752592591033585,0.046810336496638155,64.0,865.5,864.5,0.0,10.0,1e-08,0.009999999999999998,-824.3299926757812,-1004055.6,95178938368.0
