Time,CRAH:DesPer 1:Des Heat Mass Flow [kg/s],CRAH:DesPer 1:Des Heat Cap [W],CRAH:DesPer 1:Des Cool Mass Flow [kg/s],CRAH:DesPer 1:Des Sens Cool Cap [W],CRAH:DesPer 1:Des Tot Cool Cap [W],CRAH:DesPer 2:Des Heat Mass Flow [kg/s],CRAH:DesPer 2:Des Heat Cap [W],CRAH:DesPer 2:Des Cool Mass Flow [kg/s],CRAH:DesPer 2:Des Sens Cool Cap [W],CRAH:DesPer 2:Des Tot Cool Cap [W],CRAH:DesPer 3:Des Heat Mass Flow [kg/s],CRAH:DesPer 3:Des Heat Cap [W],CRAH:DesPer 3:Des Cool Mass Flow [kg/s],CRAH:DesPer 3:Des Sens Cool Cap [W],CRAH:DesPer 3:Des Tot Cool Cap [W],CRAH:DesPer 4:Des Heat Mass Flow [kg/s],CRAH:DesPer 4:Des Heat Cap [W],CRAH:DesPer 4:Des Cool Mass Flow [kg/s],CRAH:DesPer 4:Des Sens Cool Cap [W],CRAH:DesPer 4:Des Tot Cool Cap [W],CRAH:DesPer 5:Des Heat Mass Flow [kg/s],CRAH:DesPer 5:Des Heat Cap [W],CRAH:DesPer 5:Des Cool Mass Flow [kg/s],CRAH:DesPer 5:Des Sens Cool Cap [W],CRAH:DesPer 5:Des Tot Cool Cap [W],CRAH:DesPer 6:Des Heat Mass Flow [kg/s],CRAH:DesPer 6:Des Heat Cap [W],CRAH:DesPer 6:Des Cool Mass Flow [kg/s],CRAH:DesPer 6:Des Sens Cool Cap [W],CRAH:DesPer 6:Des Tot Cool Cap [W],CRAH:DesPer 7:Des Heat Mass Flow [kg/s],CRAH:DesPer 7:Des Heat Cap [W],CRAH:DesPer 7:Des Cool Mass Flow [kg/s],CRAH:DesPer 7:Des Sens Cool Cap [W],CRAH:DesPer 7:Des Tot Cool Cap [W],CRAH:DesPer 8:Des Heat Mass Flow [kg/s],CRAH:DesPer 8:Des Heat Cap [W],CRAH:DesPer 8:Des Cool Mass Flow [kg/s],CRAH:DesPer 8:Des Sens Cool Cap [W],CRAH:DesPer 8:Des Tot Cool Cap [W],CRAH:DesPer 9:Des Heat Mass Flow [kg/s],CRAH:DesPer 9:Des Heat Cap [W],CRAH:DesPer 9:Des Cool Mass Flow [kg/s],CRAH:DesPer 9:Des Sens Cool Cap [W],CRAH:DesPer 9:Des Tot Cool Cap [W]
00:12:00,6.486025E-02,0.000000E+00,1.886542E+02,4.216916E+05,4.288277E+05,6.486025E-02,0.000000E+00,1.882384E+02,4.204765E+05,4.277260E+05,6.486025E-02,0.000000E+00,1.884962E+02,4.212215E+05,4.287310E+05,6.486025E-02,0.000000E+00,1.884768E+02,4.211653E+05,4.286795E+05,6.486025E-02,2.338348E+03,1.831464E+02,4.064863E+05,4.115549E+05,6.486025E-02,1.367235E+03,1.847960E+02,4.111408E+05,4.165175E+05,6.486025E-02,2.312278E+03,1.831692E+02,4.065631E+05,4.116125E+05,6.486025E-02,0.000000E+00,1.887701E+02,4.220083E+05,4.297598E+05,6.486025E-02,2.540392E+03,1.828758E+02,4.056800E+05,4.107168E+05
00:24:00,6.486025E-02,0.000000E+00,1.886199E+02,4.216086E+05,4.287434E+05,6.486025E-02,0.000000E+00,1.882035E+02,4.203921E+05,4.276271E+05,6.486025E-02,0.000000E+00,1.884618E+02,4.211383E+05,4.286465E+05,6.486025E-02,0.000000E+00,1.884425E+02,4.210821E+05,4.285949E+05,6.486025E-02,2.338348E+03,1.831466E+02,4.064866E+05,4.115552E+05,6.486025E-02,1.367235E+03,1.847958E+02,4.111405E+05,4.165172E+05,6.486025E-02,2.312278E+03,1.831693E+02,4.065634E+05,4.116128E+05,6.486025E-02,0.000000E+00,1.887354E+02,4.219226E+05,4.296727E+05,6.486025E-02,2.540392E+03,1.828760E+02,4.056804E+05,4.107172E+05
00:36:00,6.486025E-02,0.000000E+00,1.885871E+02,4.215290E+05,4.286625E+05,6.486025E-02,0.000000E+00,1.881701E+02,4.203109E+05,4.275316E+05,6.486025E-02,0.000000E+00,1.884290E+02,4.210585E+05,4.285653E+05,6.486025E-02,0.000000E+00,1.884096E+02,4.210022E+05,4.285138E+05,6.486025E-02,2.338348E+03,1.831467E+02,4.064869E+05,4.115556E+05,6.486025E-02,1.367235E+03,1.847957E+02,4.111402E+05,4.165169E+05,6.486025E-02,2.312278E+03,1.831694E+02,4.065638E+05,4.116132E+05,6.486025E-02,0.000000E+00,1.887022E+02,4.218400E+05,4.295887E+05,6.486025E-02,2.540392E+03,1.828762E+02,4.056807E+05,4.107175E+05
00:48:00,6.486025E-02,0.000000E+00,1.885558E+02,4.214525E+05,4.285847E+05,6.486025E-02,0.000000E+00,1.881380E+02,4.202328E+05,4.274394E+05,6.486025E-02,0.000000E+00,1.883975E+02,4.209818E+05,4.284874E+05,6.486025E-02,0.000000E+00,1.883782E+02,4.209255E+05,4.284359E+05,6.486025E-02,2.338348E+03,1.831469E+02,4.064873E+05,4.115559E+05,6.486025E-02,1.367235E+03,1.847956E+02,4.111400E+05,4.165166E+05,6.486025E-02,2.312278E+03,1.831696E+02,4.065641E+05,4.116135E+05,6.486025E-02,0.000000E+00,1.886702E+02,4.217604E+05,4.295079E+05,6.486025E-02,2.540392E+03,1.828763E+02,4.056811E+05,4.107179E+05
01:00:00,6.486025E-02,0.000000E+00,1.885257E+02,4.213789E+05,4.285100E+05,6.486025E-02,0.000000E+00,1.881073E+02,4.201577E+05,4.273503E+05,6.486025E-02,0.000000E+00,1.883674E+02,4.209081E+05,4.284125E+05,6.486025E-02,0.000000E+00,1.883481E+02,4.208518E+05,4.283610E+05,6.486025E-02,2.338348E+03,1.831470E+02,4.064876E+05,4.115562E+05,6.486025E-02,1.367235E+03,1.847954E+02,4.111397E+05,4.165163E+05,6.486025E-02,2.312278E+03,1.831697E+02,4.065644E+05,4.116138E+05,6.486025E-02,0.000000E+00,1.886396E+02,4.216837E+05,4.294300E+05,6.486025E-02,2.540392E+03,1.828765E+02,4.056814E+05,4.107183E+05
01:12:00,6.486025E-02,0.000000E+00,1.884978E+02,4.213121E+05,4.284421E+05,6.486025E-02,0.000000E+00,1.880786E+02,4.200893E+05,4.272722E+05,6.486025E-02,0.000000E+00,1.883394E+02,4.208411E+05,4.283445E+05,6.486025E-02,0.000000E+00,1.883200E+02,4.207848E+05,4.282929E+05,6.486025E-02,2.338348E+03,1.831470E+02,4.064876E+05,4.115562E+05,6.486025E-02,1.367235E+03,1.847954E+02,4.111397E+05,4.165163E+05,6.486025E-02,2.312278E+03,1.831697E+02,4.065644E+05,4.116138E+05,6.486025E-02,0.000000E+00,1.886111E+02,4.216145E+05,4.293596E+05,6.486025E-02,2.540392E+03,1.828765E+02,4.056814E+05,4.107182E+05
01:24:00,6.486025E-02,0.000000E+00,1.884710E+02,4.212479E+05,4.283769E+05,6.486025E-02,0.000000E+00,1.880511E+02,4.200235E+05,4.271969E+05,6.486025E-02,0.000000E+00,1.883125E+02,4.207768E+05,4.282792E+05,6.486025E-02,0.000000E+00,1.882931E+02,4.207205E+05,4.282275E+05,6.486025E-02,2.338348E+03,1.831470E+02,4.064875E+05,4.115562E+05,6.486025E-02,1.367235E+03,1.847955E+02,4.111397E+05,4.165164E+05,6.486025E-02,2.312278E+03,1.831697E+02,4.065643E+05,4.116137E+05,6.486025E-02,0.000000E+00,1.885837E+02,4.215478E+05,4.292918E+05,6.486025E-02,2.540392E+03,1.828764E+02,4.056814E+05,4.107182E+05
01:36:00,6.486025E-02,0.000000E+00,1.884453E+02,4.211863E+05,4.283143E+05,6.486025E-02,0.000000E+00,1.880247E+02,4.199603E+05,4.271242E+05,6.486025E-02,0.000000E+00,1.882868E+02,4.207150E+05,4.282163E+05,6.486025E-02,0.000000E+00,1.882674E+02,4.206586E+05,4.281614E+05,6.486025E-02,2.338348E+03,1.831470E+02,4.064875E+05,4.115561E+05,6.486025E-02,1.367235E+03,1.847955E+02,4.111397E+05,4.165164E+05,6.486025E-02,2.312278E+03,1.831697E+02,4.065643E+05,4.116137E+05,6.486025E-02,0.000000E+00,1.885574E+02,4.214837E+05,4.292267E+05,6.486025E-02,2.540392E+03,1.828764E+02,4.056813E+05,4.107182E+05
01:48:00,6.486025E-02,0.000000E+00,1.884207E+02,4.211270E+05,4.282540E+05,6.486025E-02,0.000000E+00,1.879994E+02,4.198995E+05,4.270540E+05,6.486025E-02,0.000000E+00,1.882621E+02,4.206556E+05,4.281560E+05,6.486025E-02,0.000000E+00,1.882427E+02,4.205992E+05,4.280913E+05,6.486025E-02,2.338348E+03,1.831470E+02,4.064875E+05,4.115561E+05,6.486025E-02,1.367235E+03,1.847955E+02,4.111398E+05,4.165164E+05,6.486025E-02,2.312278E+03,1.831697E+02,4.065643E+05,4.116137E+05,6.486025E-02,0.000000E+00,1.885323E+02,4.214220E+05,4.291640E+05,6.486025E-02,2.540392E+03,1.828764E+02,4.056813E+05,4.107181E+05
02:00:00,6.486025E-02,0.000000E+00,1.883971E+02,4.210700E+05,4.281961E+05,6.486025E-02,0.000000E+00,1.879752E+02,4.198410E+05,4.269863E+05,6.486025E-02,0.000000E+00,1.882385E+02,4.205985E+05,4.280980E+05,6.486025E-02,0.000000E+00,1.882190E+02,4.205420E+05,4.280236E+05,6.486025E-02,2.338348E+03,1.831469E+02,4.064874E+05,4.115561E+05,6.486025E-02,1.367235E+03,1.847955E+02,4.111398E+05,4.165164E+05,6.486025E-02,2.312278E+03,1.831697E+02,4.065643E+05,4.116137E+05,6.486025E-02,0.000000E+00,1.885082E+02,4.213627E+05,4.291038E+05,6.486025E-02,2.540392E+03,1.828764E+02,4.056813E+05,4.107181E+05
02:12:00,6.486025E-02,0.000000E+00,1.883745E+02,4.210163E+05,4.281416E+05,6.486025E-02,0.000000E+00,1.879519E+02,4.197859E+05,4.269240E+05,6.486025E-02,0.000000E+00,1.882158E+02,4.205447E+05,4.280433E+05,6.486025E-02,0.000000E+00,1.881964E+02,4.204882E+05,4.279617E+05,6.486025E-02,2.338348E+03,1.831469E+02,4.064874E+05,4.115560E+05,6.486025E-02,1.367235E+03,1.847955E+02,4.111398E+05,4.165165E+05,6.486025E-02,2.312278E+03,1.831697E+02,4.065642E+05,4.116136E+05,6.486025E-02,0.000000E+00,1.884852E+02,4.213071E+05,4.290472E+05,6.486025E-02,2.540392E+03,1.828764E+02,4.056812E+05,4.107181E+05
02:24:00,6.486025E-02,0.000000E+00,1.883529E+02,4.209647E+05,4.280892E+05,6.486025E-02,0.000000E+00,1.879297E+02,4.197329E+05,4.268639E+05,6.486025E-02,0.000000E+00,1.881941E+02,4.204929E+05,4.279884E+05,6.486025E-02,0.000000E+00,1.881746E+02,4.204363E+05,4.279018E+05,6.486025E-02,2.338348E+03,1.831469E+02,4.064874E+05,4.115560E+05,6.486025E-02,1.367235E+03,1.847955E+02,4.111398E+05,4.165165E+05,6.486025E-02,2.312278E+03,1.831696E+02,4.065642E+05,4.116136E+05,6.486025E-02,0.000000E+00,1.884631E+02,4.212536E+05,4.289930E+05,6.486025E-02,2.540392E+03,1.828764E+02,4.056812E+05,4.107180E+05
02:36:00,6.486025E-02,0.000000E+00,1.883321E+02,4.209151E+05,4.280387E+05,6.486025E-02,0.000000E+00,1.879083E+02,4.196820E+05,4.268060E+05,6.486025E-02,0.000000E+00,1.881733E+02,4.204432E+05,4.279306E+05,6.486025E-02,0.000000E+00,1.881537E+02,4.203865E+05,4.278440E+05,6.486025E-02,2.338348E+03,1.831469E+02,4.064874E+05,4.115560E+05,6.486025E-02,1.367235E+03,1.847955E+02,4.111399E+05,4.165165E+05,6.486025E-02,2.312278E+03,1.831696E+02,4.065642E+05,4.116136E+05,6.486025E-02,0.000000E+00,1.884420E+02,4.212023E+05,4.289408E+05,6.486025E-02,2.540392E+03,1.828764E+02,4.056812E+05,4.107180E+05
02:48:00,6.486025E-02,0.000000E+00,1.883122E+02,4.208673E+05,4.279902E+05,6.486025E-02,0.000000E+00,1.878878E+02,4.196330E+05,4.267500E+05,6.486025E-02,0.000000E+00,1.881533E+02,4.203954E+05,4.278748E+05,6.486025E-02,0.000000E+00,1.881337E+02,4.203384E+05,4.277880E+05,6.486025E-02,2.338348E+03,1.831469E+02,4.064873E+05,4.115560E+05,6.486025E-02,1.367235E+03,1.847955E+02,4.111399E+05,4.165165E+05,6.486025E-02,2.312278E+03,1.831696E+02,4.065641E+05,4.116135E+05,6.486025E-02,0.000000E+00,1.884217E+02,4.211529E+05,4.288906E+05,6.486025E-02,2.540392E+03,1.828764E+02,4.056812E+05,4.107180E+05
03:00:00,6.486025E-02,0.000000E+00,1.882930E+02,4.208213E+05,4.279435E+05,6.486025E-02,0.000000E+00,1.878681E+02,4.195858E+05,4.266958E+05,6.486025E-02,0.000000E+00,1.881341E+02,4.203493E+05,4.278207E+05,6.486025E-02,0.000000E+00,1.881144E+02,4.202920E+05,4.277338E+05,6.486025E-02,2.338348E+03,1.831469E+02,4.064873E+05,4.115559E+05,6.486025E-02,1.367235E+03,1.847955E+02,4.111399E+05,4.165166E+05,6.486025E-02,2.312278E+03,1.831696E+02,4.065641E+05,4.116135E+05,6.486025E-02,0.000000E+00,1.884022E+02,4.211053E+05,4.288422E+05,6.486025E-02,2.540392E+03,1.828763E+02,4.056811E+05,4.107179E+05
03:12:00,6.486025E-02,0.000000E+00,1.882746E+02,4.207770E+05,4.278985E+05,6.486025E-02,0.000000E+00,1.878492E+02,4.195403E+05,4.266434E+05,6.486025E-02,0.000000E+00,1.881157E+02,4.203048E+05,4.277683E+05,6.486025E-02,0.000000E+00,1.880958E+02,4.202473E+05,4.276813E+05,6.486025E-02,2.338348E+03,1.831469E+02,4.064873E+05,4.115559E+05,6.486025E-02,1.367235E+03,1.847956E+02,4.111399E+05,4.165166E+05,6.486025E-02,2.312278E+03,1.831696E+02,4.065641E+05,4.116135E+05,6.486025E-02,0.000000E+00,1.883836E+02,4.210595E+05,4.287956E+05,6.486025E-02,2.540392E+03,1.828763E+02,4.056811E+05,4.107179E+05
03:24:00,6.486025E-02,0.000000E+00,1.882569E+02,4.207343E+05,4.278551E+05,6.486025E-02,0.000000E+00,1.878310E+02,4.194964E+05,4.265926E+05,6.486025E-02,0.000000E+00,1.880979E+02,4.202619E+05,4.277175E+05,6.486025E-02,0.000000E+00,1.880779E+02,4.202042E+05,4.276303E+05,6.486025E-02,2.338348E+03,1.831469E+02,4.064873E+05,4.115559E+05,6.486025E-02,1.367235E+03,1.847956E+02,4.111400E+05,4.165166E+05,6.486025E-02,2.312278E+03,1.831696E+02,4.065641E+05,4.116135E+05,6.486025E-02,0.000000E+00,1.883656E+02,4.210152E+05,4.287507E+05,6.486025E-02,2.540392E+03,1.828763E+02,4.056811E+05,4.107179E+05
03:36:00,6.486025E-02,0.000000E+00,1.882399E+02,4.206930E+05,4.278131E+05,6.486025E-02,0.000000E+00,1.878134E+02,4.194539E+05,4.265434E+05,6.486025E-02,0.000000E+00,1.880808E+02,4.202203E+05,4.276682E+05,6.486025E-02,0.000000E+00,1.880607E+02,4.201624E+05,4.275808E+05,6.486025E-02,2.338348E+03,1.831468E+02,4.064872E+05,4.115559E+05,6.486025E-02,1.367235E+03,1.847956E+02,4.111400E+05,4.165166E+05,6.486025E-02,2.312278E+03,1.831696E+02,4.065640E+05,4.116134E+05,6.486025E-02,0.000000E+00,1.883483E+02,4.209725E+05,4.287073E+05,6.486025E-02,2.540392E+03,1.828763E+02,4.056810E+05,4.107179E+05
03:48:00,6.486025E-02,0.000000E+00,1.882235E+02,4.206531E+05,4.277726E+05,6.486025E-02,0.000000E+00,1.877965E+02,4.194129E+05,4.264955E+05,6.486025E-02,0.000000E+00,1.880642E+02,4.201801E+05,4.276202E+05,6.486025E-02,0.000000E+00,1.880440E+02,4.201220E+05,4.275327E+05,6.486025E-02,2.338348E+03,1.831468E+02,4.064872E+05,4.115558E+05,6.486025E-02,1.367235E+03,1.847956E+02,4.111400E+05,4.165167E+05,6.486025E-02,2.312278E+03,1.831696E+02,4.065640E+05,4.116134E+05,6.486025E-02,0.000000E+00,1.883316E+02,4.209311E+05,4.286652E+05,6.486025E-02,2.540392E+03,1.828763E+02,4.056810E+05,4.107178E+05
04:00:00,6.486025E-02,0.000000E+00,1.882076E+02,4.206144E+05,4.277333E+05,6.486025E-02,0.000000E+00,1.877801E+02,4.193731E+05,4.264490E+05,6.486025E-02,0.000000E+00,1.880482E+02,4.201410E+05,4.275734E+05,6.486025E-02,0.000000E+00,1.880279E+02,4.200828E+05,4.274859E+05,6.486025E-02,2.338348E+03,1.831468E+02,4.064872E+05,4.115558E+05,6.486025E-02,1.367235E+03,1.847956E+02,4.111400E+05,4.165167E+05,6.486025E-02,2.312278E+03,1.831696E+02,4.065640E+05,4.116134E+05,6.486025E-02,0.000000E+00,1.883155E+02,4.208910E+05,4.286244E+05,6.486025E-02,2.540392E+03,1.828763E+02,4.056810E+05,4.107178E+05
04:12:00,6.486025E-02,0.000000E+00,1.881923E+02,4.205780E+05,4.276963E+05,6.486025E-02,0.000000E+00,1.877643E+02,4.193356E+05,4.264068E+05,6.486025E-02,0.000000E+00,1.880326E+02,4.201042E+05,4.275313E+05,6.486025E-02,0.000000E+00,1.880123E+02,4.200458E+05,4.274436E+05,6.486025E-02,2.338348E+03,1.831468E+02,4.064872E+05,4.115558E+05,6.486025E-02,1.367235E+03,1.847956E+02,4.111401E+05,4.165167E+05,6.486025E-02,2.312278E+03,1.831695E+02,4.065640E+05,4.116134E+05,6.486025E-02,0.000000E+00,1.882999E+02,4.208534E+05,4.285862E+05,6.486025E-02,2.540392E+03,1.828763E+02,4.056810E+05,4.107178E+05
04:24:00,6.486025E-02,0.000000E+00,1.881776E+02,4.205430E+05,4.276607E+05,6.486025E-02,0.000000E+00,1.877491E+02,4.192994E+05,4.263660E+05,6.486025E-02,0.000000E+00,1.880177E+02,4.200687E+05,4.274905E+05,6.486025E-02,0.000000E+00,1.879973E+02,4.200102E+05,4.274028E+05,6.486025E-02,2.338348E+03,1.831468E+02,4.064871E+05,4.115558E+05,6.486025E-02,1.367235E+03,1.847956E+02,4.111401E+05,4.165167E+05,6.486025E-02,2.312278E+03,1.831695E+02,4.065639E+05,4.116133E+05,6.486025E-02,0.000000E+00,1.882849E+02,4.208171E+05,4.285494E+05,6.486025E-02,2.540392E+03,1.828763E+02,4.056809E+05,4.107177E+05
04:36:00,6.486025E-02,0.000000E+00,1.881639E+02,4.205102E+05,4.276274E+05,6.486025E-02,0.000000E+00,1.877349E+02,4.192656E+05,4.263276E+05,6.486025E-02,0.000000E+00,1.880038E+02,4.200355E+05,4.274520E+05,6.486025E-02,0.000000E+00,1.879834E+02,4.199769E+05,4.273643E+05,6.486025E-02,2.338348E+03,1.831468E+02,4.064871E+05,4.115557E+05,6.486025E-02,1.367235E+03,1.847956E+02,4.111401E+05,4.165168E+05,6.486025E-02,2.312278E+03,1.831695E+02,4.065639E+05,4.116133E+05,6.486025E-02,0.000000E+00,1.882710E+02,4.207832E+05,4.285149E+05,6.486025E-02,2.540392E+03,1.828762E+02,4.056809E+05,4.107177E+05
04:48:00,6.486025E-02,0.000000E+00,1.881519E+02,4.204814E+05,4.275981E+05,6.486025E-02,0.000000E+00,1.877225E+02,4.192356E+05,4.262932E+05,6.486025E-02,0.000000E+00,1.879916E+02,4.200061E+05,4.274175E+05,6.486025E-02,0.000000E+00,1.879712E+02,4.199474E+05,4.273297E+05,6.486025E-02,2.338348E+03,1.831468E+02,4.064871E+05,4.115557E+05,6.486025E-02,1.367235E+03,1.847956E+02,4.111401E+05,4.165168E+05,6.486025E-02,2.312278E+03,1.831695E+02,4.065639E+05,4.116133E+05,6.486025E-02,0.000000E+00,1.882587E+02,4.207529E+05,4.284842E+05,6.486025E-02,2.540392E+03,1.828762E+02,4.056809E+05,4.107177E+05
05:00:00,6.486025E-02,0.000000E+00,1.881425E+02,4.204582E+05,4.275745E+05,6.486025E-02,0.000000E+00,1.877126E+02,4.192115E+05,4.262646E+05,6.486025E-02,0.000000E+00,1.879820E+02,4.199825E+05,4.273888E+05,6.486025E-02,0.000000E+00,1.879615E+02,4.199237E+05,4.273010E+05,6.486025E-02,2.338348E+03,1.831468E+02,4.064871E+05,4.115557E+05,6.486025E-02,1.367235E+03,1.847956E+02,4.111401E+05,4.165168E+05,6.486025E-02,2.312278E+03,1.831695E+02,4.065639E+05,4.116133E+05,6.486025E-02,0.000000E+00,1.882487E+02,4.207279E+05,4.284588E+05,6.486025E-02,2.540392E+03,1.828762E+02,4.056809E+05,4.107177E+05
05:12:00,6.486025E-02,0.000000E+00,1.881366E+02,4.204472E+05,4.275634E+05,6.486025E-02,0.000000E+00,1.877063E+02,4.191996E+05,4.262566E+05,6.486025E-02,0.000000E+00,1.879759E+02,4.199711E+05,4.273819E+05,6.486025E-02,0.000000E+00,1.879554E+02,4.199122E+05,4.272939E+05,6.486025E-02,2.338348E+03,1.831468E+02,4.064870E+05,4.115557E+05,6.486025E-02,1.367235E+03,1.847957E+02,4.111402E+05,4.165168E+05,6.486025E-02,2.312278E+03,1.831695E+02,4.065639E+05,4.116133E+05,6.486025E-02,0.000000E+00,1.882420E+02,4.207157E+05,4.284463E+05,6.486025E-02,2.540392E+03,1.828762E+02,4.056808E+05,4.107176E+05
05:24:00,6.486025E-02,0.000000E+00,1.881353E+02,4.204465E+05,4.275627E+05,6.486025E-02,0.000000E+00,1.877047E+02,4.191981E+05,4.262591E+05,6.486025E-02,0.000000E+00,1.879745E+02,4.199700E+05,4.273855E+05,6.486025E-02,0.000000E+00,1.879539E+02,4.199111E+05,4.272974E+05,6.486025E-02,2.338348E+03,1.831468E+02,4.064870E+05,4.115556E+05,6.486025E-02,1.367235E+03,1.847957E+02,4.111402E+05,4.165168E+05,6.486025E-02,2.312278E+03,1.831695E+02,4.065638E+05,4.116132E+05,6.486025E-02,0.000000E+00,1.882394E+02,4.207127E+05,4.284434E+05,6.486025E-02,2.540392E+03,1.828762E+02,4.056808E+05,4.107176E+05
05:36:00,6.486025E-02,0.000000E+00,1.881397E+02,4.204585E+05,4.275748E+05,6.486025E-02,0.000000E+00,1.877088E+02,4.192095E+05,4.262747E+05,6.486025E-02,0.000000E+00,1.879787E+02,4.199817E+05,4.274021E+05,6.486025E-02,0.000000E+00,1.879582E+02,4.199227E+05,4.273139E+05,6.486025E-02,2.338348E+03,1.831467E+02,4.064870E+05,4.115556E+05,6.486025E-02,1.367235E+03,1.847957E+02,4.111402E+05,4.165169E+05,6.486025E-02,2.312278E+03,1.831695E+02,4.065638E+05,4.116132E+05,6.486025E-02,0.000000E+00,1.882420E+02,4.207213E+05,4.284520E+05,6.486025E-02,2.540392E+03,1.828762E+02,4.056808E+05,4.107176E+05
05:48:00,6.486025E-02,0.000000E+00,1.881508E+02,4.204853E+05,4.276021E+05,6.486025E-02,0.000000E+00,1.877197E+02,4.192360E+05,4.263057E+05,6.486025E-02,0.000000E+00,1.879897E+02,4.200084E+05,4.274339E+05,6.486025E-02,0.000000E+00,1.879691E+02,4.199493E+05,4.273457E+05,6.486025E-02,2.338348E+03,1.831467E+02,4.064870E+05,4.115556E+05,6.486025E-02,1.367235E+03,1.847957E+02,4.111402E+05,4.165169E+05,6.486025E-02,2.312278E+03,1.831695E+02,4.065638E+05,4.116132E+05,6.486025E-02,0.000000E+00,1.882506E+02,4.207433E+05,4.284744E+05,6.486025E-02,2.540392E+03,1.828762E+02,4.056808E+05,4.107176E+05
06:00:00,6.486025E-02,0.000000E+00,1.881694E+02,4.205291E+05,4.276466E+05,6.486025E-02,0.000000E+00,1.877383E+02,4.192797E+05,4.263542E+05,6.486025E-02,0.000000E+00,1.880084E+02,4.200522E+05,4.274831E+05,6.486025E-02,0.000000E+00,1.879877E+02,4.199931E+05,4.273948E+05,6.486025E-02,2.338348E+03,1.831467E+02,4.064869E+05,4.115556E+05,6.486025E-02,1.367235E+03,1.847957E+02,4.111402E+05,4.165169E+05,6.486025E-02,2.312278E+03,1.831695E+02,4.065638E+05,4.116132E+05,6.486025E-02,0.000000E+00,1.882661E+02,4.207806E+05,4.285123E+05,6.486025E-02,2.540392E+03,1.828762E+02,4.056808E+05,4.107176E+05
06:12:00,6.486025E-02,0.000000E+00,1.881964E+02,4.205969E+05,4.277155E+05,6.486025E-02,0.000000E+00,1.877655E+02,4.193479E+05,4.264377E+05,6.486025E-02,0.000000E+00,1.880354E+02,4.201202E+05,4.275689E+05,6.486025E-02,0.000000E+00,1.880148E+02,4.200611E+05,4.274803E+05,6.486025E-02,2.338348E+03,1.831467E+02,4.064869E+05,4.115556E+05,6.486025E-02,1.367235E+03,1.847957E+02,4.111403E+05,4.165169E+05,6.486025E-02,2.312278E+03,1.831694E+02,4.065638E+05,4.116131E+05,6.486025E-02,0.000000E+00,1.882890E+02,4.208415E+05,4.285742E+05,6.486025E-02,2.540392E+03,1.828762E+02,4.056807E+05,4.107175E+05
06:24:00,6.486025E-02,0.000000E+00,1.882322E+02,4.206845E+05,4.278045E+05,6.486025E-02,0.000000E+00,1.878015E+02,4.194360E+05,4.265416E+05,6.486025E-02,0.000000E+00,1.880714E+02,4.202081E+05,4.276749E+05,6.486025E-02,0.000000E+00,1.880508E+02,4.201490E+05,4.275862E+05,6.486025E-02,2.338348E+03,1.831467E+02,4.064869E+05,4.115555E+05,6.486025E-02,1.367235E+03,1.847957E+02,4.111403E+05,4.165169E+05,6.486025E-02,2.312278E+03,1.831694E+02,4.065637E+05,4.116131E+05,6.486025E-02,0.000000E+00,1.883197E+02,4.209196E+05,4.286536E+05,6.486025E-02,2.540392E+03,1.828761E+02,4.056807E+05,4.107175E+05
06:36:00,6.486025E-02,0.000000E+00,1.882767E+02,4.207915E+05,4.279132E+05,6.486025E-02,0.000000E+00,1.878464E+02,4.195438E+05,4.266656E+05,6.486025E-02,0.000000E+00,1.881161E+02,4.203156E+05,4.278009E+05,6.486025E-02,0.000000E+00,1.880955E+02,4.202565E+05,4.277120E+05,6.486025E-02,2.338348E+03,1.831467E+02,4.064869E+05,4.115555E+05,6.486025E-02,1.367235E+03,1.847957E+02,4.111403E+05,4.165169E+05,6.486025E-02,2.312278E+03,1.831694E+02,4.065637E+05,4.116131E+05,6.486025E-02,0.000000E+00,1.883578E+02,4.210144E+05,4.287500E+05,6.486025E-02,2.540392E+03,1.828761E+02,4.056807E+05,4.107175E+05
06:48:00,6.486025E-02,0.000000E+00,1.883294E+02,4.209168E+05,4.280405E+05,6.486025E-02,0.000000E+00,1.878995E+02,4.196699E+05,4.268082E+05,6.486025E-02,0.000000E+00,1.881690E+02,4.204411E+05,4.279381E+05,6.486025E-02,0.000000E+00,1.881484E+02,4.203821E+05,4.278563E+05,6.486025E-02,2.338348E+03,1.831467E+02,4.064869E+05,4.115555E+05,6.486025E-02,1.367235E+03,1.847957E+02,4.111403E+05,4.165170E+05,6.486025E-02,2.312278E+03,1.831694E+02,4.065637E+05,4.116131E+05,6.486025E-02,0.000000E+00,1.884029E+02,4.211248E+05,4.288622E+05,6.486025E-02,2.540392E+03,1.828761E+02,4.056807E+05,4.107175E+05
07:00:00,6.486025E-02,0.000000E+00,1.883895E+02,4.210585E+05,4.281844E+05,6.486025E-02,0.000000E+00,1.879599E+02,4.198124E+05,4.269677E+05,6.486025E-02,0.000000E+00,1.882291E+02,4.205830E+05,4.280823E+05,6.486025E-02,0.000000E+00,1.882086E+02,4.205240E+05,4.280174E+05,6.486025E-02,2.338348E+03,1.831467E+02,4.064868E+05,4.115555E+05,6.486025E-02,1.367235E+03,1.847957E+02,4.111403E+05,4.165170E+05,6.486025E-02,2.312278E+03,1.831694E+02,4.065637E+05,4.116131E+05,6.486025E-02,0.000000E+00,1.884543E+02,4.212492E+05,4.289885E+05,6.486025E-02,2.540392E+03,1.828761E+02,4.056806E+05,4.107174E+05
07:12:00,6.486025E-02,0.000000E+00,1.884560E+02,4.212252E+05,4.283539E+05,6.486025E-02,0.000000E+00,1.880268E+02,4.199800E+05,4.271741E+05,6.486025E-02,0.000000E+00,1.882956E+02,4.207498E+05,4.282518E+05,6.486025E-02,0.000000E+00,1.882751E+02,4.206909E+05,4.281976E+05,6.486025E-02,2.338348E+03,1.831467E+02,4.064868E+05,4.115554E+05,6.486025E-02,1.367235E+03,1.847957E+02,4.111403E+05,4.165170E+05,6.486025E-02,2.312278E+03,1.831694E+02,4.065637E+05,4.116130E+05,6.486025E-02,0.000000E+00,1.885111E+02,4.213995E+05,4.291412E+05,6.486025E-02,2.540392E+03,1.828761E+02,4.056806E+05,4.107174E+05
07:24:00,6.486025E-02,0.000000E+00,1.885277E+02,4.214037E+05,4.285353E+05,6.486025E-02,0.000000E+00,1.880989E+02,4.201595E+05,4.273931E+05,6.486025E-02,0.000000E+00,1.883673E+02,4.209283E+05,4.284332E+05,6.486025E-02,0.000000E+00,1.883468E+02,4.208695E+05,4.283790E+05,6.486025E-02,2.338348E+03,1.831467E+02,4.064868E+05,4.115554E+05,6.486025E-02,1.367235E+03,1.847957E+02,4.111404E+05,4.165170E+05,6.486025E-02,2.312278E+03,1.831694E+02,4.065636E+05,4.116130E+05,6.486025E-02,0.000000E+00,1.885725E+02,4.215601E+05,4.293046E+05,6.486025E-02,2.540392E+03,1.828761E+02,4.056806E+05,4.107174E+05
07:36:00,6.486025E-02,0.000000E+00,1.886037E+02,4.215918E+05,4.287264E+05,6.486025E-02,0.000000E+00,1.881754E+02,4.203487E+05,4.276226E+05,6.486025E-02,0.000000E+00,1.884433E+02,4.211164E+05,4.286243E+05,6.486025E-02,0.000000E+00,1.884229E+02,4.210578E+05,4.285704E+05,6.486025E-02,2.338348E+03,1.831467E+02,4.064868E+05,4.115554E+05,6.486025E-02,1.367235E+03,1.847958E+02,4.111404E+05,4.165170E+05,6.486025E-02,2.312278E+03,1.831694E+02,4.065636E+05,4.116130E+05,6.486025E-02,0.000000E+00,1.886379E+02,4.217298E+05,4.294769E+05,6.486025E-02,2.540392E+03,1.828761E+02,4.056806E+05,4.107174E+05
07:48:00,6.486025E-02,0.000000E+00,1.886831E+02,4.217877E+05,4.289254E+05,6.486025E-02,0.000000E+00,1.882555E+02,4.205460E+05,4.278609E+05,6.486025E-02,0.000000E+00,1.885228E+02,4.213123E+05,4.288233E+05,6.486025E-02,0.000000E+00,1.885025E+02,4.212539E+05,4.287697E+05,6.486025E-02,2.338348E+03,1.831466E+02,4.064868E+05,4.115554E+05,6.486025E-02,1.367235E+03,1.847958E+02,4.111404E+05,4.165170E+05,6.486025E-02,2.312278E+03,1.831694E+02,4.065636E+05,4.116130E+05,6.486025E-02,0.000000E+00,1.887068E+02,4.219069E+05,4.296570E+05,6.486025E-02,2.540392E+03,1.828761E+02,4.056806E+05,4.107174E+05
08:00:00,6.486025E-02,0.000000E+00,1.887653E+02,4.219896E+05,4.291305E+05,6.486025E-02,0.000000E+00,1.883385E+02,4.207497E+05,4.281063E+05,6.486025E-02,0.000000E+00,1.886050E+02,4.215143E+05,4.290286E+05,6.486025E-02,0.000000E+00,1.885848E+02,4.214562E+05,4.289752E+05,6.486025E-02,2.338348E+03,1.831466E+02,4.064868E+05,4.115554E+05,6.486025E-02,1.367235E+03,1.847958E+02,4.111404E+05,4.165171E+05,6.486025E-02,2.312278E+03,1.831694E+02,4.065636E+05,4.116130E+05,6.486025E-02,0.000000E+00,1.887783E+02,4.220902E+05,4.298433E+05,6.486025E-02,2.540392E+03,1.828761E+02,4.056805E+05,4.107173E+05
08:12:00,6.486025E-02,0.000000E+00,1.888494E+02,4.221979E+05,4.293423E+05,6.486025E-02,0.000000E+00,1.884235E+02,4.209601E+05,4.283639E+05,6.486025E-02,0.000000E+00,1.886892E+02,4.217228E+05,4.292405E+05,6.486025E-02,0.000000E+00,1.886691E+02,4.216650E+05,4.291873E+05,6.486025E-02,2.338348E+03,1.831466E+02,4.064867E+05,4.115554E+05,6.486025E-02,1.367235E+03,1.847958E+02,4.111404E+05,4.165171E+05,6.486025E-02,2.312278E+03,1.831694E+02,4.065636E+05,4.116130E+05,6.486025E-02,0.000000E+00,1.888521E+02,4.222812E+05,4.300374E+05,6.486025E-02,2.540392E+03,1.828761E+02,4.056805E+05,4.107173E+05
08:24:00,6.486025E-02,0.000000E+00,1.889348E+02,4.224092E+05,4.295570E+05,6.486025E-02,0.000000E+00,1.885100E+02,4.211737E+05,4.286256E+05,6.486025E-02,0.000000E+00,1.887747E+02,4.219343E+05,4.294554E+05,6.486025E-02,0.000000E+00,1.887547E+02,4.218767E+05,4.294025E+05,6.486025E-02,2.338348E+03,1.831466E+02,4.064867E+05,4.115553E+05,6.486025E-02,1.367235E+03,1.847958E+02,4.111404E+05,4.165171E+05,6.486025E-02,2.312278E+03,1.831694E+02,4.065635E+05,4.116129E+05,6.486025E-02,0.000000E+00,1.889274E+02,4.224757E+05,4.302350E+05,6.486025E-02,2.540392E+03,1.828761E+02,4.056805E+05,4.107173E+05
08:36:00,6.486025E-02,0.000000E+00,1.890210E+02,4.226222E+05,4.297734E+05,6.486025E-02,0.000000E+00,1.885973E+02,4.213893E+05,4.288900E+05,6.486025E-02,0.000000E+00,1.888610E+02,4.221475E+05,4.296721E+05,6.486025E-02,0.000000E+00,1.888411E+02,4.220902E+05,4.296194E+05,6.486025E-02,2.338348E+03,1.831466E+02,4.064867E+05,4.115553E+05,6.486025E-02,1.367235E+03,1.847958E+02,4.111405E+05,4.165171E+05,6.486025E-02,2.312278E+03,1.831693E+02,4.065635E+05,4.116129E+05,6.486025E-02,0.000000E+00,1.890038E+02,4.226724E+05,4.304350E+05,6.486025E-02,2.540392E+03,1.828760E+02,4.056805E+05,4.107173E+05
08:48:00,6.486025E-02,0.000000E+00,1.891075E+02,4.228359E+05,4.299906E+05,6.486025E-02,0.000000E+00,1.886850E+02,4.216057E+05,4.291562E+05,6.486025E-02,0.000000E+00,1.889476E+02,4.223616E+05,4.298896E+05,6.486025E-02,0.000000E+00,1.889278E+02,4.223044E+05,4.298370E+05,6.486025E-02,2.338348E+03,1.831466E+02,4.064867E+05,4.115553E+05,6.486025E-02,1.367235E+03,1.847958E+02,4.111405E+05,4.165171E+05,6.486025E-02,2.312278E+03,1.831693E+02,4.065635E+05,4.116129E+05,6.486025E-02,0.000000E+00,1.890808E+02,4.228706E+05,4.306364E+05,6.486025E-02,2.540392E+03,1.828760E+02,4.056805E+05,4.107173E+05
09:00:00,6.486025E-02,0.000000E+00,1.891941E+02,4.230498E+05,4.302079E+05,6.486025E-02,0.000000E+00,1.887729E+02,4.218226E+05,4.294033E+05,6.486025E-02,0.000000E+00,1.890343E+02,4.225758E+05,4.301073E+05,6.486025E-02,0.000000E+00,1.890146E+02,4.225188E+05,4.300549E+05,6.486025E-02,2.338348E+03,1.831466E+02,4.064867E+05,4.115553E+05,6.486025E-02,1.367235E+03,1.847958E+02,4.111405E+05,4.165171E+05,6.486025E-02,2.312278E+03,1.831693E+02,4.065635E+05,4.116129E+05,6.486025E-02,0.000000E+00,1.891582E+02,4.230697E+05,4.308388E+05,6.486025E-02,2.540392E+03,1.828760E+02,4.056804E+05,4.107172E+05
09:12:00,6.486025E-02,0.000000E+00,1.892806E+02,4.232615E+05,4.304230E+05,6.486025E-02,0.000000E+00,1.888608E+02,4.220372E+05,4.296214E+05,6.486025E-02,0.000000E+00,1.891211E+02,4.227878E+05,4.303227E+05,6.486025E-02,0.000000E+00,1.891014E+02,4.227309E+05,4.302705E+05,6.486025E-02,2.338348E+03,1.831466E+02,4.064866E+05,4.115553E+05,6.486025E-02,1.367235E+03,1.847958E+02,4.111405E+05,4.165172E+05,6.486025E-02,2.312278E+03,1.831693E+02,4.065635E+05,4.116129E+05,6.486025E-02,0.000000E+00,1.892360E+02,4.232669E+05,4.310392E+05,6.486025E-02,2.540392E+03,1.828760E+02,4.056804E+05,4.107172E+05
09:24:00,6.486025E-02,0.000000E+00,1.893670E+02,4.234728E+05,4.306377E+05,6.486025E-02,0.000000E+00,1.889486E+02,4.222516E+05,4.298392E+05,6.486025E-02,0.000000E+00,1.892076E+02,4.229995E+05,4.305378E+05,6.486025E-02,0.000000E+00,1.891881E+02,4.229428E+05,4.304857E+05,6.486025E-02,2.338348E+03,1.831466E+02,4.064866E+05,4.115553E+05,6.486025E-02,1.367235E+03,1.847958E+02,4.111405E+05,4.165172E+05,6.486025E-02,2.312278E+03,1.831693E+02,4.065635E+05,4.116129E+05,6.486025E-02,0.000000E+00,1.893140E+02,4.234647E+05,4.312402E+05,6.486025E-02,2.540392E+03,1.828760E+02,4.056804E+05,4.107172E+05
09:36:00,6.486025E-02,0.000000E+00,1.894532E+02,4.236835E+05,4.308518E+05,6.486025E-02,0.000000E+00,1.890360E+02,4.224653E+05,4.300564E+05,6.486025E-02,0.000000E+00,1.892939E+02,4.232106E+05,4.307523E+05,6.486025E-02,0.000000E+00,1.892744E+02,4.231540E+05,4.307004E+05,6.486025E-02,2.338348E+03,1.831466E+02,4.064866E+05,4.115552E+05,6.486025E-02,1.367235E+03,1.847958E+02,4.111405E+05,4.165172E+05,6.486025E-02,2.312278E+03,1.831693E+02,4.065635E+05,4.116128E+05,6.486025E-02,0.000000E+00,1.893923E+02,4.236629E+05,4.314416E+05,6.486025E-02,2.540392E+03,1.828760E+02,4.056804E+05,4.107172E+05
09:48:00,6.486025E-02,0.000000E+00,1.895388E+02,4.238931E+05,4.310647E+05,6.486025E-02,0.000000E+00,1.891229E+02,4.226777E+05,4.302722E+05,6.486025E-02,0.000000E+00,1.893797E+02,4.234206E+05,4.309657E+05,6.486025E-02,0.000000E+00,1.893603E+02,4.233641E+05,4.309139E+05,6.486025E-02,2.338348E+03,1.831466E+02,4.064866E+05,4.115552E+05,6.486025E-02,1.367235E+03,1.847958E+02,4.111405E+05,4.165172E+05,6.486025E-02,2.312278E+03,1.831693E+02,4.065634E+05,4.116128E+05,6.486025E-02,0.000000E+00,1.894706E+02,4.238613E+05,4.316433E+05,6.486025E-02,2.540392E+03,1.828760E+02,4.056804E+05,4.107172E+05
10:00:00,6.486025E-02,0.000000E+00,1.896238E+02,4.241013E+05,4.312762E+05,6.486025E-02,0.000000E+00,1.892091E+02,4.228885E+05,4.304864E+05,6.486025E-02,0.000000E+00,1.894649E+02,4.236292E+05,4.311776E+05,6.486025E-02,0.000000E+00,1.894455E+02,4.235728E+05,4.311259E+05,6.486025E-02,2.338348E+03,1.831466E+02,4.064866E+05,4.115552E+05,6.486025E-02,1.367235E+03,1.847958E+02,4.111406E+05,4.165172E+05,6.486025E-02,2.312278E+03,1.831693E+02,4.065634E+05,4.116128E+05,6.486025E-02,0.000000E+00,1.895489E+02,4.240596E+05,4.318447E+05,6.486025E-02,2.540392E+03,1.828760E+02,4.056804E+05,4.107172E+05
10:12:00,6.486025E-02,0.000000E+00,1.897080E+02,4.243055E+05,4.314838E+05,6.486025E-02,0.000000E+00,1.892944E+02,4.230952E+05,4.306964E+05,6.486025E-02,0.000000E+00,1.895493E+02,4.238339E+05,4.313856E+05,6.486025E-02,0.000000E+00,1.895299E+02,4.237776E+05,4.313340E+05,6.486025E-02,2.338348E+03,1.831466E+02,4.064866E+05,4.115552E+05,6.486025E-02,1.367235E+03,1.847958E+02,4.111406E+05,4.165172E+05,6.486025E-02,2.312278E+03,1.831693E+02,4.065634E+05,4.116128E+05,6.486025E-02,0.000000E+00,1.896268E+02,4.242544E+05,4.320427E+05,6.486025E-02,2.540392E+03,1.828760E+02,4.056803E+05,4.107171E+05
10:24:00,6.486025E-02,0.000000E+00,1.897912E+02,4.245075E+05,4.316890E+05,6.486025E-02,0.000000E+00,1.893786E+02,4.232995E+05,4.309040E+05,6.486025E-02,0.000000E+00,1.896327E+02,4.240363E+05,4.315913E+05,6.486025E-02,0.000000E+00,1.896134E+02,4.239801E+05,4.315398E+05,6.486025E-02,2.338348E+03,1.831465E+02,4.064866E+05,4.115552E+05,6.486025E-02,1.367235E+03,1.847958E+02,4.111406E+05,4.165172E+05,6.486025E-02,2.312278E+03,1.831693E+02,4.065634E+05,4.116128E+05,6.486025E-02,0.000000E+00,1.897043E+02,4.244481E+05,4.322395E+05,6.486025E-02,2.540392E+03,1.828760E+02,4.056803E+05,4.107171E+05
10:36:00,6.486025E-02,0.000000E+00,1.898732E+02,4.247069E+05,4.318916E+05,6.486025E-02,0.000000E+00,1.894616E+02,4.235010E+05,4.311087E+05,6.486025E-02,0.000000E+00,1.897149E+02,4.242361E+05,4.317943E+05,6.486025E-02,0.000000E+00,1.896956E+02,4.241800E+05,4.317429E+05,6.486025E-02,2.338348E+03,1.831465E+02,4.064865E+05,4.115552E+05,6.486025E-02,1.367235E+03,1.847959E+02,4.111406E+05,4.165173E+05,6.486025E-02,2.312278E+03,1.831693E+02,4.065634E+05,4.116128E+05,6.486025E-02,0.000000E+00,1.897810E+02,4.246400E+05,4.324346E+05,6.486025E-02,2.540392E+03,1.828760E+02,4.056803E+05,4.107171E+05
10:48:00,6.486025E-02,0.000000E+00,1.899538E+02,4.249032E+05,4.320910E+05,6.486025E-02,0.000000E+00,1.895431E+02,4.236993E+05,4.313102E+05,6.486025E-02,0.000000E+00,1.897957E+02,4.244328E+05,4.319941E+05,6.486025E-02,0.000000E+00,1.897765E+02,4.243768E+05,4.319428E+05,6.486025E-02,2.338348E+03,1.831465E+02,4.064865E+05,4.115551E+05,6.486025E-02,1.367235E+03,1.847959E+02,4.111406E+05,4.165173E+05,6.486025E-02,2.312278E+03,1.831693E+02,4.065634E+05,4.116127E+05,6.486025E-02,0.000000E+00,1.898566E+02,4.248296E+05,4.326272E+05,6.486025E-02,2.540392E+03,1.828760E+02,4.056803E+05,4.107171E+05
11:00:00,6.486025E-02,0.000000E+00,1.900328E+02,4.250957E+05,4.322866E+05,6.486025E-02,0.000000E+00,1.896229E+02,4.238937E+05,4.315077E+05,6.486025E-02,0.000000E+00,1.898749E+02,4.246258E+05,4.321902E+05,6.486025E-02,0.000000E+00,1.898557E+02,4.245699E+05,4.321390E+05,6.486025E-02,2.338348E+03,1.831465E+02,4.064865E+05,4.115551E+05,6.486025E-02,1.367235E+03,1.847959E+02,4.111406E+05,4.165173E+05,6.486025E-02,2.312278E+03,1.831693E+02,4.065633E+05,4.116127E+05,6.486025E-02,0.000000E+00,1.899308E+02,4.250161E+05,4.328167E+05,6.486025E-02,2.540392E+03,1.828760E+02,4.056803E+05,4.107171E+05
11:12:00,6.486025E-02,0.000000E+00,1.901097E+02,4.252783E+05,4.324722E+05,6.486025E-02,0.000000E+00,1.897006E+02,4.240781E+05,4.316951E+05,6.486025E-02,0.000000E+00,1.899520E+02,4.248088E+05,4.323762E+05,6.486025E-02,0.000000E+00,1.899328E+02,4.247530E+05,4.323250E+05,6.486025E-02,2.338348E+03,1.831465E+02,4.064865E+05,4.115551E+05,6.486025E-02,1.367235E+03,1.847959E+02,4.111406E+05,4.165173E+05,6.486025E-02,2.312278E+03,1.831693E+02,4.065633E+05,4.116127E+05,6.486025E-02,0.000000E+00,1.900034E+02,4.251920E+05,4.329955E+05,6.486025E-02,2.540392E+03,1.828760E+02,4.056803E+05,4.107171E+05
11:24:00,6.486025E-02,0.000000E+00,1.901843E+02,4.254557E+05,4.326523E+05,6.486025E-02,0.000000E+00,1.897760E+02,4.242572E+05,4.318770E+05,6.486025E-02,0.000000E+00,1.900267E+02,4.249866E+05,4.325568E+05,6.486025E-02,0.000000E+00,1.900076E+02,4.249309E+05,4.325057E+05,6.486025E-02,2.338348E+03,1.831465E+02,4.064865E+05,4.115551E+05,6.486025E-02,1.367235E+03,1.847959E+02,4.111406E+05,4.165173E+05,6.486025E-02,2.312278E+03,1.831692E+02,4.065633E+05,4.116127E+05,6.486025E-02,0.000000E+00,1.900740E+02,4.253634E+05,4.331696E+05,6.486025E-02,2.540392E+03,1.828759E+02,4.056802E+05,4.107170E+05
11:36:00,6.486025E-02,0.000000E+00,1.902561E+02,4.256270E+05,4.328264E+05,6.486025E-02,0.000000E+00,1.898486E+02,4.244302E+05,4.320528E+05,6.486025E-02,0.000000E+00,1.900988E+02,4.251583E+05,4.327313E+05,6.486025E-02,0.000000E+00,1.900797E+02,4.251027E+05,4.326803E+05,6.486025E-02,2.338348E+03,1.831465E+02,4.064865E+05,4.115551E+05,6.486025E-02,1.367235E+03,1.847959E+02,4.111407E+05,4.165173E+05,6.486025E-02,2.312278E+03,1.831692E+02,4.065633E+05,4.116127E+05,6.486025E-02,0.000000E+00,1.901421E+02,4.255294E+05,4.333383E+05,6.486025E-02,2.540392E+03,1.828759E+02,4.056802E+05,4.107170E+05
11:48:00,6.486025E-02,0.000000E+00,1.903250E+02,4.257915E+05,4.329936E+05,6.486025E-02,0.000000E+00,1.899182E+02,4.245963E+05,4.322216E+05,6.486025E-02,0.000000E+00,1.901678E+02,4.253233E+05,4.328988E+05,6.486025E-02,0.000000E+00,1.901488E+02,4.252677E+05,4.328480E+05,6.486025E-02,2.338348E+03,1.831465E+02,4.064865E+05,4.115551E+05,6.486025E-02,1.367235E+03,1.847959E+02,4.111407E+05,4.165173E+05,6.486025E-02,2.312278E+03,1.831692E+02,4.065633E+05,4.116127E+05,6.486025E-02,0.000000E+00,1.902075E+02,4.256893E+05,4.335008E+05,6.486025E-02,2.540392E+03,1.828759E+02,4.056802E+05,4.107170E+05
12:00:00,6.486025E-02,0.000000E+00,1.903904E+02,4.259485E+05,4.331531E+05,6.486025E-02,0.000000E+00,1.899843E+02,4.247549E+05,4.323827E+05,6.486025E-02,0.000000E+00,1.902335E+02,4.254807E+05,4.330588E+05,6.486025E-02,0.000000E+00,1.902145E+02,4.254252E+05,4.330080E+05,6.486025E-02,2.338348E+03,1.831465E+02,4.064864E+05,4.115551E+05,6.486025E-02,1.367235E+03,1.847959E+02,4.111407E+05,4.165173E+05,6.486025E-02,2.312278E+03,1.831692E+02,4.065633E+05,4.116127E+05,6.486025E-02,0.000000E+00,1.902699E+02,4.258423E+05,4.336563E+05,6.486025E-02,2.540392E+03,1.828759E+02,4.056802E+05,4.107170E+05
12:12:00,6.486025E-02,0.000000E+00,1.904523E+02,4.260953E+05,4.333022E+05,6.486025E-02,0.000000E+00,1.900468E+02,4.249031E+05,4.325333E+05,6.486025E-02,0.000000E+00,1.902955E+02,4.256279E+05,4.332083E+05,6.486025E-02,0.000000E+00,1.902765E+02,4.255724E+05,4.331576E+05,6.486025E-02,2.338348E+03,1.831465E+02,4.064864E+05,4.115550E+05,6.486025E-02,1.367235E+03,1.847959E+02,4.111407E+05,4.165174E+05,6.486025E-02,2.312278E+03,1.831692E+02,4.065633E+05,4.116127E+05,6.486025E-02,0.000000E+00,1.903289E+02,4.259851E+05,4.338014E+05,6.486025E-02,2.540392E+03,1.828759E+02,4.056802E+05,4.107170E+05
12:24:00,6.486025E-02,0.000000E+00,1.905103E+02,4.262335E+05,4.334426E+05,6.486025E-02,0.000000E+00,1.901055E+02,4.250427E+05,4.326751E+05,6.486025E-02,0.000000E+00,1.903537E+02,4.257664E+05,4.333491E+05,6.486025E-02,0.000000E+00,1.903347E+02,4.257110E+05,4.332984E+05,6.486025E-02,2.338348E+03,1.831465E+02,4.064864E+05,4.115550E+05,6.486025E-02,1.367235E+03,1.847959E+02,4.111407E+05,4.165174E+05,6.486025E-02,2.312278E+03,1.831692E+02,4.065633E+05,4.116126E+05,6.486025E-02,0.000000E+00,1.903843E+02,4.261200E+05,4.339384E+05,6.486025E-02,2.540392E+03,1.828759E+02,4.056802E+05,4.107170E+05
12:36:00,6.486025E-02,0.000000E+00,1.905643E+02,4.263626E+05,4.335738E+05,6.486025E-02,0.000000E+00,1.901600E+02,4.251732E+05,4.328077E+05,6.486025E-02,0.000000E+00,1.904078E+02,4.258959E+05,4.334807E+05,6.486025E-02,0.000000E+00,1.903889E+02,4.258406E+05,4.334301E+05,6.486025E-02,2.338348E+03,1.831465E+02,4.064864E+05,4.115550E+05,6.486025E-02,1.367235E+03,1.847959E+02,4.111407E+05,4.165174E+05,6.486025E-02,2.312278E+03,1.831692E+02,4.065632E+05,4.116126E+05,6.486025E-02,0.000000E+00,1.904361E+02,4.262465E+05,4.340670E+05,6.486025E-02,2.540392E+03,1.828759E+02,4.056802E+05,4.107170E+05
12:48:00,6.486025E-02,0.000000E+00,1.906140E+02,4.264823E+05,4.336954E+05,6.486025E-02,0.000000E+00,1.902103E+02,4.252941E+05,4.329305E+05,6.486025E-02,0.000000E+00,1.904577E+02,4.260160E+05,4.336026E+05,6.486025E-02,0.000000E+00,1.904388E+02,4.259607E+05,4.335521E+05,6.486025E-02,2.338348E+03,1.831465E+02,4.064864E+05,4.115550E+05,6.486025E-02,1.367235E+03,1.847959E+02,4.111407E+05,4.165174E+05,6.486025E-02,2.312278E+03,1.831692E+02,4.065632E+05,4.116126E+05,6.486025E-02,0.000000E+00,1.904839E+02,4.263644E+05,4.341867E+05,6.486025E-02,2.540392E+03,1.828759E+02,4.056801E+05,4.107169E+05
13:00:00,6.486025E-02,0.000000E+00,1.906592E+02,4.265919E+05,4.338068E+05,6.486025E-02,0.000000E+00,1.902561E+02,4.254049E+05,4.330432E+05,6.486025E-02,0.000000E+00,1.905031E+02,4.261259E+05,4.337144E+05,6.486025E-02,0.000000E+00,1.904842E+02,4.260708E+05,4.336639E+05,6.486025E-02,2.338348E+03,1.831465E+02,4.064864E+05,4.115550E+05,6.486025E-02,1.367235E+03,1.847959E+02,4.111407E+05,4.165174E+05,6.486025E-02,2.312278E+03,1.831692E+02,4.065632E+05,4.116126E+05,6.486025E-02,0.000000E+00,1.905276E+02,4.264730E+05,4.342971E+05,6.486025E-02,2.540392E+03,1.828759E+02,4.056801E+05,4.107169E+05
13:12:00,6.486025E-02,0.000000E+00,1.906999E+02,4.266883E+05,4.339047E+05,6.486025E-02,0.000000E+00,1.902973E+02,4.255023E+05,4.331421E+05,6.486025E-02,0.000000E+00,1.905439E+02,4.262226E+05,4.338125E+05,6.486025E-02,0.000000E+00,1.905250E+02,4.261674E+05,4.337621E+05,6.486025E-02,2.338348E+03,1.831465E+02,4.064864E+05,4.115550E+05,6.486025E-02,1.367235E+03,1.847959E+02,4.111407E+05,4.165174E+05,6.486025E-02,2.312278E+03,1.831692E+02,4.065632E+05,4.116126E+05,6.486025E-02,0.000000E+00,1.905671E+02,4.265682E+05,4.343939E+05,6.486025E-02,2.540392E+03,1.828759E+02,4.056801E+05,4.107169E+05
13:24:00,6.486025E-02,0.000000E+00,1.907361E+02,4.267744E+05,4.339922E+05,6.486025E-02,0.000000E+00,1.903339E+02,4.255895E+05,4.332307E+05,6.486025E-02,0.000000E+00,1.905802E+02,4.263090E+05,4.339003E+05,6.486025E-02,0.000000E+00,1.905613E+02,4.262539E+05,4.338499E+05,6.486025E-02,2.338348E+03,1.831465E+02,4.064864E+05,4.115550E+05,6.486025E-02,1.367235E+03,1.847959E+02,4.111408E+05,4.165174E+05,6.486025E-02,2.312278E+03,1.831692E+02,4.065632E+05,4.116126E+05,6.486025E-02,0.000000E+00,1.906025E+02,4.266541E+05,4.344811E+05,6.486025E-02,2.540392E+03,1.828759E+02,4.056801E+05,4.107169E+05
13:36:00,6.486025E-02,0.000000E+00,1.907677E+02,4.268504E+05,4.340694E+05,6.486025E-02,0.000000E+00,1.903659E+02,4.256664E+05,4.333088E+05,6.486025E-02,0.000000E+00,1.906119E+02,4.263852E+05,4.339778E+05,6.486025E-02,0.000000E+00,1.905931E+02,4.263302E+05,4.339275E+05,6.486025E-02,2.338348E+03,1.831465E+02,4.064863E+05,4.115550E+05,6.486025E-02,1.367235E+03,1.847959E+02,4.111408E+05,4.165174E+05,6.486025E-02,2.312278E+03,1.831692E+02,4.065632E+05,4.116126E+05,6.486025E-02,0.000000E+00,1.906337E+02,4.267307E+05,4.345589E+05,6.486025E-02,2.540392E+03,1.828759E+02,4.056801E+05,4.107169E+05
13:48:00,6.486025E-02,0.000000E+00,1.907949E+02,4.269166E+05,4.341367E+05,6.486025E-02,0.000000E+00,1.903935E+02,4.257335E+05,4.333770E+05,6.486025E-02,0.000000E+00,1.906392E+02,4.264517E+05,4.340453E+05,6.486025E-02,0.000000E+00,1.906205E+02,4.263967E+05,4.339950E+05,6.486025E-02,2.338348E+03,1.831464E+02,4.064863E+05,4.115549E+05,6.486025E-02,1.367235E+03,1.847959E+02,4.111408E+05,4.165174E+05,6.486025E-02,2.312278E+03,1.831692E+02,4.065632E+05,4.116126E+05,6.486025E-02,0.000000E+00,1.906609E+02,4.267983E+05,4.346276E+05,6.486025E-02,2.540392E+03,1.828759E+02,4.056801E+05,4.107169E+05
14:00:00,6.486025E-02,0.000000E+00,1.908180E+02,4.269737E+05,4.341947E+05,6.486025E-02,0.000000E+00,1.904170E+02,4.257913E+05,4.334357E+05,6.486025E-02,0.000000E+00,1.906625E+02,4.265090E+05,4.341035E+05,6.486025E-02,0.000000E+00,1.906437E+02,4.264540E+05,4.340533E+05,6.486025E-02,2.338348E+03,1.831464E+02,4.064863E+05,4.115549E+05,6.486025E-02,1.367235E+03,1.847959E+02,4.111408E+05,4.165175E+05,6.486025E-02,2.312278E+03,1.831692E+02,4.065632E+05,4.116125E+05,6.486025E-02,0.000000E+00,1.906843E+02,4.268576E+05,4.346879E+05,6.486025E-02,2.540392E+03,1.828759E+02,4.056801E+05,4.107169E+05
14:12:00,6.486025E-02,0.000000E+00,1.908373E+02,4.270166E+05,4.342383E+05,6.486025E-02,0.000000E+00,1.904365E+02,4.258349E+05,4.334800E+05,6.486025E-02,0.000000E+00,1.906818E+02,4.265521E+05,4.341473E+05,6.486025E-02,0.000000E+00,1.906630E+02,4.264972E+05,4.340971E+05,6.486025E-02,2.338348E+03,1.831464E+02,4.064863E+05,4.115549E+05,6.486025E-02,1.367235E+03,1.847959E+02,4.111408E+05,4.165175E+05,6.486025E-02,2.312278E+03,1.831692E+02,4.065631E+05,4.116125E+05,6.486025E-02,0.000000E+00,1.907042E+02,4.269020E+05,4.347330E+05,6.486025E-02,2.540392E+03,1.828759E+02,4.056801E+05,4.107168E+05
14:24:00,6.486025E-02,0.000000E+00,1.908528E+02,4.270513E+05,4.342735E+05,6.486025E-02,0.000000E+00,1.904523E+02,4.258702E+05,4.335159E+05,6.486025E-02,0.000000E+00,1.906974E+02,4.265870E+05,4.341827E+05,6.486025E-02,0.000000E+00,1.906786E+02,4.265320E+05,4.341325E+05,6.486025E-02,2.338348E+03,1.831464E+02,4.064863E+05,4.115549E+05,6.486025E-02,1.367235E+03,1.847959E+02,4.111408E+05,4.165175E+05,6.486025E-02,2.312278E+03,1.831692E+02,4.065631E+05,4.116125E+05,6.486025E-02,0.000000E+00,1.907208E+02,4.269389E+05,4.347705E+05,6.486025E-02,2.540392E+03,1.828759E+02,4.056800E+05,4.107168E+05
14:36:00,6.486025E-02,0.000000E+00,1.908648E+02,4.270782E+05,4.343008E+05,6.486025E-02,0.000000E+00,1.904646E+02,4.258976E+05,4.335437E+05,6.486025E-02,0.000000E+00,1.907095E+02,4.266140E+05,4.342102E+05,6.486025E-02,0.000000E+00,1.906908E+02,4.265591E+05,4.341600E+05,6.486025E-02,2.338348E+03,1.831464E+02,4.064863E+05,4.115549E+05,6.486025E-02,1.367235E+03,1.847960E+02,4.111408E+05,4.165175E+05,6.486025E-02,2.312278E+03,1.831692E+02,4.065631E+05,4.116125E+05,6.486025E-02,0.000000E+00,1.907341E+02,4.269688E+05,4.348008E+05,6.486025E-02,2.540392E+03,1.828758E+02,4.056800E+05,4.107168E+05
14:48:00,6.486025E-02,0.000000E+00,1.908735E+02,4.270976E+05,4.343205E+05,6.486025E-02,0.000000E+00,1.904735E+02,4.259175E+05,4.335639E+05,6.486025E-02,0.000000E+00,1.907183E+02,4.266335E+05,4.342300E+05,6.486025E-02,0.000000E+00,1.906995E+02,4.265787E+05,4.341799E+05,6.486025E-02,2.338348E+03,1.831464E+02,4.064863E+05,4.115549E+05,6.486025E-02,1.367235E+03,1.847960E+02,4.111408E+05,4.165175E+05,6.486025E-02,2.312278E+03,1.831692E+02,4.065631E+05,4.116125E+05,6.486025E-02,0.000000E+00,1.907444E+02,4.269918E+05,4.348242E+05,6.486025E-02,2.540392E+03,1.828758E+02,4.056800E+05,4.107168E+05
15:00:00,6.486025E-02,0.000000E+00,1.908790E+02,4.271098E+05,4.343329E+05,6.486025E-02,0.000000E+00,1.904791E+02,4.259300E+05,4.335766E+05,6.486025E-02,0.000000E+00,1.907238E+02,4.266458E+05,4.342425E+05,6.486025E-02,0.000000E+00,1.907050E+02,4.265910E+05,4.341924E+05,6.486025E-02,2.338348E+03,1.831464E+02,4.064863E+05,4.115549E+05,6.486025E-02,1.367235E+03,1.847960E+02,4.111408E+05,4.165175E+05,6.486025E-02,2.312278E+03,1.831692E+02,4.065631E+05,4.116125E+05,6.486025E-02,0.000000E+00,1.907518E+02,4.270082E+05,4.348409E+05,6.486025E-02,2.540392E+03,1.828758E+02,4.056800E+05,4.107168E+05
15:12:00,6.486025E-02,0.000000E+00,1.908812E+02,4.271083E+05,4.343314E+05,6.486025E-02,0.000000E+00,1.904815E+02,4.259288E+05,4.335754E+05,6.486025E-02,0.000000E+00,1.907260E+02,4.266444E+05,4.342410E+05,6.486025E-02,0.000000E+00,1.907073E+02,4.265895E+05,4.341909E+05,6.486025E-02,2.338348E+03,1.831464E+02,4.064863E+05,4.115549E+05,6.486025E-02,1.367235E+03,1.847960E+02,4.111408E+05,4.165175E+05,6.486025E-02,2.312278E+03,1.831691E+02,4.065631E+05,4.116125E+05,6.486025E-02,0.000000E+00,1.907561E+02,4.270097E+05,4.348423E+05,6.486025E-02,2.540392E+03,1.828758E+02,4.056800E+05,4.107168E+05
15:24:00,6.486025E-02,0.000000E+00,1.908802E+02,4.270995E+05,4.343224E+05,6.486025E-02,0.000000E+00,1.904806E+02,4.259203E+05,4.335667E+05,6.486025E-02,0.000000E+00,1.907250E+02,4.266357E+05,4.342322E+05,6.486025E-02,0.000000E+00,1.907063E+02,4.265808E+05,4.341820E+05,6.486025E-02,2.338348E+03,1.831464E+02,4.064862E+05,4.115549E+05,6.486025E-02,1.367235E+03,1.847960E+02,4.111409E+05,4.165175E+05,6.486025E-02,2.312278E+03,1.831691E+02,4.065631E+05,4.116125E+05,6.486025E-02,0.000000E+00,1.907575E+02,4.270044E+05,4.348369E+05,6.486025E-02,2.540392E+03,1.828758E+02,4.056800E+05,4.107168E+05
15:36:00,6.486025E-02,0.000000E+00,1.908758E+02,4.270832E+05,4.343059E+05,6.486025E-02,0.000000E+00,1.904763E+02,4.259042E+05,4.335503E+05,6.486025E-02,0.000000E+00,1.907207E+02,4.266194E+05,4.342156E+05,6.486025E-02,0.000000E+00,1.907019E+02,4.265646E+05,4.341655E+05,6.486025E-02,2.338348E+03,1.831464E+02,4.064862E+05,4.115548E+05,6.486025E-02,1.367235E+03,1.847960E+02,4.111409E+05,4.165175E+05,6.486025E-02,2.312278E+03,1.831691E+02,4.065631E+05,4.116125E+05,6.486025E-02,0.000000E+00,1.907557E+02,4.269921E+05,4.348244E+05,6.486025E-02,2.540392E+03,1.828758E+02,4.056800E+05,4.107168E+05
15:48:00,6.486025E-02,0.000000E+00,1.908679E+02,4.270591E+05,4.342813E+05,6.486025E-02,0.000000E+00,1.904684E+02,4.258801E+05,4.335258E+05,6.486025E-02,0.000000E+00,1.907127E+02,4.265952E+05,4.341910E+05,6.486025E-02,0.000000E+00,1.906940E+02,4.265404E+05,4.341409E+05,6.486025E-02,2.338348E+03,1.831464E+02,4.064862E+05,4.115548E+05,6.486025E-02,1.367235E+03,1.847960E+02,4.111409E+05,4.165175E+05,6.486025E-02,2.312278E+03,1.831691E+02,4.065631E+05,4.116124E+05,6.486025E-02,0.000000E+00,1.907506E+02,4.269725E+05,4.348044E+05,6.486025E-02,2.540392E+03,1.828758E+02,4.056800E+05,4.107168E+05
16:00:00,6.486025E-02,0.000000E+00,1.908564E+02,4.270268E+05,4.342484E+05,6.486025E-02,0.000000E+00,1.904569E+02,4.258479E+05,4.334931E+05,6.486025E-02,0.000000E+00,1.907012E+02,4.265630E+05,4.341582E+05,6.486025E-02,0.000000E+00,1.906825E+02,4.265081E+05,4.341081E+05,6.486025E-02,2.338348E+03,1.831464E+02,4.064862E+05,4.115548E+05,6.486025E-02,1.367235E+03,1.847960E+02,4.111409E+05,4.165175E+05,6.486025E-02,2.312278E+03,1.831691E+02,4.065631E+05,4.116124E+05,6.486025E-02,0.000000E+00,1.907421E+02,4.269451E+05,4.347766E+05,6.486025E-02,2.540392E+03,1.828758E+02,4.056800E+05,4.107167E+05
16:12:00,6.486025E-02,0.000000E+00,1.908411E+02,4.269840E+05,4.342049E+05,6.486025E-02,0.000000E+00,1.904416E+02,4.258052E+05,4.334496E+05,6.486025E-02,0.000000E+00,1.906859E+02,4.265202E+05,4.341147E+05,6.486025E-02,0.000000E+00,1.906672E+02,4.264653E+05,4.340646E+05,6.486025E-02,2.338348E+03,1.831464E+02,4.064862E+05,4.115548E+05,6.486025E-02,1.367235E+03,1.847960E+02,4.111409E+05,4.165176E+05,6.486025E-02,2.312278E+03,1.831691E+02,4.065630E+05,4.116124E+05,6.486025E-02,0.000000E+00,1.907300E+02,4.269070E+05,4.347378E+05,6.486025E-02,2.540392E+03,1.828758E+02,4.056799E+05,4.107167E+05
16:24:00,6.486025E-02,0.000000E+00,1.908220E+02,4.269327E+05,4.341528E+05,6.486025E-02,0.000000E+00,1.904225E+02,4.257538E+05,4.333974E+05,6.486025E-02,0.000000E+00,1.906668E+02,4.264688E+05,4.340625E+05,6.486025E-02,0.000000E+00,1.906481E+02,4.264140E+05,4.340124E+05,6.486025E-02,2.338348E+03,1.831464E+02,4.064862E+05,4.115548E+05,6.486025E-02,1.367235E+03,1.847960E+02,4.111409E+05,4.165176E+05,6.486025E-02,2.312278E+03,1.831691E+02,4.065630E+05,4.116124E+05,6.486025E-02,0.000000E+00,1.907143E+02,4.268609E+05,4.346909E+05,6.486025E-02,2.540392E+03,1.828758E+02,4.056799E+05,4.107167E+05
16:36:00,6.486025E-02,0.000000E+00,1.907990E+02,4.268728E+05,4.340919E+05,6.486025E-02,0.000000E+00,1.903995E+02,4.256938E+05,4.333364E+05,6.486025E-02,0.000000E+00,1.906438E+02,4.264089E+05,4.340016E+05,6.486025E-02,0.000000E+00,1.906251E+02,4.263540E+05,4.339515E+05,6.486025E-02,2.338348E+03,1.831464E+02,4.064862E+05,4.115548E+05,6.486025E-02,1.367235E+03,1.847960E+02,4.111409E+05,4.165176E+05,6.486025E-02,2.312278E+03,1.831691E+02,4.065630E+05,4.116124E+05,6.486025E-02,0.000000E+00,1.906949E+02,4.268066E+05,4.346358E+05,6.486025E-02,2.540392E+03,1.828758E+02,4.056799E+05,4.107167E+05
16:48:00,6.486025E-02,0.000000E+00,1.907723E+02,4.268044E+05,4.340224E+05,6.486025E-02,0.000000E+00,1.903727E+02,4.256253E+05,4.332668E+05,6.486025E-02,0.000000E+00,1.906170E+02,4.263404E+05,4.339320E+05,6.486025E-02,0.000000E+00,1.905983E+02,4.262856E+05,4.338819E+05,6.486025E-02,2.338348E+03,1.831464E+02,4.064862E+05,4.115548E+05,6.486025E-02,1.367235E+03,1.847960E+02,4.111409E+05,4.165176E+05,6.486025E-02,2.312278E+03,1.831691E+02,4.065630E+05,4.116124E+05,6.486025E-02,0.000000E+00,1.906720E+02,4.267444E+05,4.345725E+05,6.486025E-02,2.540392E+03,1.828758E+02,4.056799E+05,4.107167E+05
17:00:00,6.486025E-02,0.000000E+00,1.907416E+02,4.267273E+05,4.339441E+05,6.486025E-02,0.000000E+00,1.903419E+02,4.255480E+05,4.331883E+05,6.486025E-02,0.000000E+00,1.905864E+02,4.262633E+05,4.338536E+05,6.486025E-02,0.000000E+00,1.905676E+02,4.262084E+05,4.338035E+05,6.486025E-02,2.338348E+03,1.831464E+02,4.064862E+05,4.115548E+05,6.486025E-02,1.367235E+03,1.847960E+02,4.111409E+05,4.165176E+05,6.486025E-02,2.312278E+03,1.831691E+02,4.065630E+05,4.116124E+05,6.486025E-02,0.000000E+00,1.906455E+02,4.266743E+05,4.345013E+05,6.486025E-02,2.540392E+03,1.828758E+02,4.056799E+05,4.107167E+05
17:12:00,6.486025E-02,0.000000E+00,1.907071E+02,4.266394E+05,4.338547E+05,6.486025E-02,0.000000E+00,1.903073E+02,4.254598E+05,4.330986E+05,6.486025E-02,0.000000E+00,1.905518E+02,4.261752E+05,4.337641E+05,6.486025E-02,0.000000E+00,1.905330E+02,4.261204E+05,4.337140E+05,6.486025E-02,2.338348E+03,1.831464E+02,4.064862E+05,4.115548E+05,6.486025E-02,1.367235E+03,1.847960E+02,4.111409E+05,4.165176E+05,6.486025E-02,2.312278E+03,1.831691E+02,4.065630E+05,4.116124E+05,6.486025E-02,0.000000E+00,1.906155E+02,4.265933E+05,4.344190E+05,6.486025E-02,2.540392E+03,1.828758E+02,4.056799E+05,4.107167E+05
17:24:00,6.486025E-02,0.000000E+00,1.906686E+02,4.265426E+05,4.337564E+05,6.486025E-02,0.000000E+00,1.902687E+02,4.253628E+05,4.330000E+05,6.486025E-02,0.000000E+00,1.905132E+02,4.260784E+05,4.336657E+05,6.486025E-02,0.000000E+00,1.904945E+02,4.260235E+05,4.336156E+05,6.486025E-02,2.338348E+03,1.831464E+02,4.064861E+05,4.115548E+05,6.486025E-02,1.367235E+03,1.847960E+02,4.111409E+05,4.165176E+05,6.486025E-02,2.312278E+03,1.831691E+02,4.065630E+05,4.116124E+05,6.486025E-02,0.000000E+00,1.905818E+02,4.265043E+05,4.343285E+05,6.486025E-02,2.540392E+03,1.828758E+02,4.056799E+05,4.107167E+05
17:36:00,6.486025E-02,0.000000E+00,1.906262E+02,4.264372E+05,4.336492E+05,6.486025E-02,0.000000E+00,1.902261E+02,4.252569E+05,4.328925E+05,6.486025E-02,0.000000E+00,1.904708E+02,4.259728E+05,4.335584E+05,6.486025E-02,0.000000E+00,1.904520E+02,4.259179E+05,4.335082E+05,6.486025E-02,2.338348E+03,1.831464E+02,4.064861E+05,4.115547E+05,6.486025E-02,1.367235E+03,1.847960E+02,4.111409E+05,4.165176E+05,6.486025E-02,2.312278E+03,1.831691E+02,4.065630E+05,4.116124E+05,6.486025E-02,0.000000E+00,1.905445E+02,4.264072E+05,4.342298E+05,6.486025E-02,2.540392E+03,1.828758E+02,4.056799E+05,4.107167E+05
17:48:00,6.486025E-02,0.000000E+00,1.905799E+02,4.263229E+05,4.335332E+05,6.486025E-02,0.000000E+00,1.901796E+02,4.251423E+05,4.327760E+05,6.486025E-02,0.000000E+00,1.904244E+02,4.258584E+05,4.334422E+05,6.486025E-02,0.000000E+00,1.904057E+02,4.258035E+05,4.333920E+05,6.486025E-02,2.338348E+03,1.831464E+02,4.064861E+05,4.115547E+05,6.486025E-02,1.367235E+03,1.847960E+02,4.111410E+05,4.165176E+05,6.486025E-02,2.312278E+03,1.831691E+02,4.065630E+05,4.116124E+05,6.486025E-02,0.000000E+00,1.905036E+02,4.263021E+05,4.341230E+05,6.486025E-02,2.540392E+03,1.828758E+02,4.056799E+05,4.107167E+05
18:00:00,6.486025E-02,0.000000E+00,1.905298E+02,4.262001E+05,4.334084E+05,6.486025E-02,0.000000E+00,1.901293E+02,4.250191E+05,4.326508E+05,6.486025E-02,0.000000E+00,1.903742E+02,4.257354E+05,4.333172E+05,6.486025E-02,0.000000E+00,1.903554E+02,4.256805E+05,4.332670E+05,6.486025E-02,2.338348E+03,1.831464E+02,4.064861E+05,4.115547E+05,6.486025E-02,1.367235E+03,1.847960E+02,4.111410E+05,4.165176E+05,6.486025E-02,2.312278E+03,1.831691E+02,4.065630E+05,4.116123E+05,6.486025E-02,0.000000E+00,1.904592E+02,4.261890E+05,4.340081E+05,6.486025E-02,2.540392E+03,1.828758E+02,4.056799E+05,4.107166E+05
18:12:00,6.486025E-02,0.000000E+00,1.904758E+02,4.260634E+05,4.332695E+05,6.486025E-02,0.000000E+00,1.900751E+02,4.248819E+05,4.325113E+05,6.486025E-02,0.000000E+00,1.903202E+02,4.255986E+05,4.331781E+05,6.486025E-02,0.000000E+00,1.903014E+02,4.255436E+05,4.331279E+05,6.486025E-02,2.338348E+03,1.831463E+02,4.064861E+05,4.115547E+05,6.486025E-02,1.367235E+03,1.847960E+02,4.111410E+05,4.165176E+05,6.486025E-02,2.312278E+03,1.831691E+02,4.065630E+05,4.116123E+05,6.486025E-02,0.000000E+00,1.904112E+02,4.260612E+05,4.338782E+05,6.486025E-02,2.540392E+03,1.828758E+02,4.056798E+05,4.107166E+05
18:24:00,6.486025E-02,0.000000E+00,1.904182E+02,4.259184E+05,4.331222E+05,6.486025E-02,0.000000E+00,1.900172E+02,4.247364E+05,4.323635E+05,6.486025E-02,0.000000E+00,1.902625E+02,4.254534E+05,4.330307E+05,6.486025E-02,0.000000E+00,1.902437E+02,4.253984E+05,4.329804E+05,6.486025E-02,2.338348E+03,1.831463E+02,4.064861E+05,4.115547E+05,6.486025E-02,1.367235E+03,1.847960E+02,4.111410E+05,4.165176E+05,6.486025E-02,2.312278E+03,1.831691E+02,4.065629E+05,4.116123E+05,6.486025E-02,0.000000E+00,1.903599E+02,4.259258E+05,4.337406E+05,6.486025E-02,2.540392E+03,1.828758E+02,4.056798E+05,4.107166E+05
18:36:00,6.486025E-02,0.000000E+00,1.903570E+02,4.257657E+05,4.329669E+05,6.486025E-02,0.000000E+00,1.899558E+02,4.245830E+05,4.322076E+05,6.486025E-02,0.000000E+00,1.902012E+02,4.253005E+05,4.328752E+05,6.486025E-02,0.000000E+00,1.901824E+02,4.252454E+05,4.328249E+05,6.486025E-02,2.338348E+03,1.831463E+02,4.064861E+05,4.115547E+05,6.486025E-02,1.367235E+03,1.847960E+02,4.111410E+05,4.165177E+05,6.486025E-02,2.312278E+03,1.831691E+02,4.065629E+05,4.116123E+05,6.486025E-02,0.000000E+00,1.903053E+02,4.257832E+05,4.335956E+05,6.486025E-02,2.540392E+03,1.828758E+02,4.056798E+05,4.107166E+05
18:48:00,6.486025E-02,0.000000E+00,1.902926E+02,4.256057E+05,4.328044E+05,6.486025E-02,0.000000E+00,1.898912E+02,4.244224E+05,4.320445E+05,6.486025E-02,0.000000E+00,1.901368E+02,4.251403E+05,4.327125E+05,6.486025E-02,0.000000E+00,1.901179E+02,4.250852E+05,4.326621E+05,6.486025E-02,2.338348E+03,1.831463E+02,4.064861E+05,4.115547E+05,6.486025E-02,1.367235E+03,1.847960E+02,4.111410E+05,4.165177E+05,6.486025E-02,2.312278E+03,1.831691E+02,4.065629E+05,4.116123E+05,6.486025E-02,0.000000E+00,1.902477E+02,4.256339E+05,4.334438E+05,6.486025E-02,2.540392E+03,1.828758E+02,4.056798E+05,4.107166E+05
19:00:00,6.486025E-02,0.000000E+00,1.902254E+02,4.254394E+05,4.326354E+05,6.486025E-02,0.000000E+00,1.898237E+02,4.242554E+05,4.318748E+05,6.486025E-02,0.000000E+00,1.900695E+02,4.249738E+05,4.325433E+05,6.486025E-02,0.000000E+00,1.900506E+02,4.249187E+05,4.324929E+05,6.486025E-02,2.338348E+03,1.831463E+02,4.064861E+05,4.115547E+05,6.486025E-02,1.367235E+03,1.847960E+02,4.111410E+05,4.165177E+05,6.486025E-02,2.312278E+03,1.831691E+02,4.065629E+05,4.116123E+05,6.486025E-02,0.000000E+00,1.901875E+02,4.254788E+05,4.332862E+05,6.486025E-02,2.540392E+03,1.828757E+02,4.056798E+05,4.107166E+05
19:12:00,6.486025E-02,0.000000E+00,1.901558E+02,4.252721E+05,4.324654E+05,6.486025E-02,0.000000E+00,1.897538E+02,4.240875E+05,4.317041E+05,6.486025E-02,0.000000E+00,1.899998E+02,4.248063E+05,4.323731E+05,6.486025E-02,0.000000E+00,1.899809E+02,4.247512E+05,4.323227E+05,6.486025E-02,2.338348E+03,1.831463E+02,4.064861E+05,4.115547E+05,6.486025E-02,1.367235E+03,1.847960E+02,4.111410E+05,4.165177E+05,6.486025E-02,2.312278E+03,1.831691E+02,4.065629E+05,4.116123E+05,6.486025E-02,0.000000E+00,1.901252E+02,4.253244E+05,4.331293E+05,6.486025E-02,2.540392E+03,1.828757E+02,4.056798E+05,4.107166E+05
19:24:00,6.486025E-02,0.000000E+00,1.900844E+02,4.251006E+05,4.322912E+05,6.486025E-02,0.000000E+00,1.896820E+02,4.239153E+05,4.315292E+05,6.486025E-02,0.000000E+00,1.899283E+02,4.246347E+05,4.321987E+05,6.486025E-02,0.000000E+00,1.899094E+02,4.245795E+05,4.321483E+05,6.486025E-02,2.338348E+03,1.831463E+02,4.064861E+05,4.115547E+05,6.486025E-02,1.367235E+03,1.847960E+02,4.111410E+05,4.165177E+05,6.486025E-02,2.312278E+03,1.831691E+02,4.065629E+05,4.116123E+05,6.486025E-02,0.000000E+00,1.900613E+02,4.251665E+05,4.329689E+05,6.486025E-02,2.540392E+03,1.828757E+02,4.056798E+05,4.107166E+05
19:36:00,6.486025E-02,0.000000E+00,1.900116E+02,4.249263E+05,4.321141E+05,6.486025E-02,0.000000E+00,1.896090E+02,4.237403E+05,4.313514E+05,6.486025E-02,0.000000E+00,1.898555E+02,4.244602E+05,4.320215E+05,6.486025E-02,0.000000E+00,1.898366E+02,4.244050E+05,4.319710E+05,6.486025E-02,2.338348E+03,1.831463E+02,4.064861E+05,4.115547E+05,6.486025E-02,1.367235E+03,1.847960E+02,4.111410E+05,4.165177E+05,6.486025E-02,2.312278E+03,1.831691E+02,4.065629E+05,4.116123E+05,6.486025E-02,0.000000E+00,1.899965E+02,4.250065E+05,4.328063E+05,6.486025E-02,2.540392E+03,1.828757E+02,4.056798E+05,4.107166E+05
19:48:00,6.486025E-02,0.000000E+00,1.899381E+02,4.247502E+05,4.319352E+05,6.486025E-02,0.000000E+00,1.895351E+02,4.235636E+05,4.311718E+05,6.486025E-02,0.000000E+00,1.897819E+02,4.242840E+05,4.318424E+05,6.486025E-02,0.000000E+00,1.897629E+02,4.242287E+05,4.317919E+05,6.486025E-02,2.338348E+03,1.831463E+02,4.064860E+05,4.115547E+05,6.486025E-02,1.367235E+03,1.847960E+02,4.111410E+05,4.165177E+05,6.486025E-02,2.312278E+03,1.831691E+02,4.065629E+05,4.116123E+05,6.486025E-02,0.000000E+00,1.899312E+02,4.248457E+05,4.326429E+05,6.486025E-02,2.540392E+03,1.828757E+02,4.056798E+05,4.107166E+05
20:00:00,6.486025E-02,0.000000E+00,1.898642E+02,4.245732E+05,4.317553E+05,6.486025E-02,0.000000E+00,1.894609E+02,4.233860E+05,4.309914E+05,6.486025E-02,0.000000E+00,1.897079E+02,4.241069E+05,4.316625E+05,6.486025E-02,0.000000E+00,1.896890E+02,4.240516E+05,4.316119E+05,6.486025E-02,2.338348E+03,1.831463E+02,4.064860E+05,4.115546E+05,6.486025E-02,1.367235E+03,1.847960E+02,4.111410E+05,4.165177E+05,6.486025E-02,2.312278E+03,1.831691E+02,4.065629E+05,4.116123E+05,6.486025E-02,0.000000E+00,1.898660E+02,4.246849E+05,4.324795E+05,6.486025E-02,2.540392E+03,1.828757E+02,4.056798E+05,4.107166E+05
20:12:00,6.486025E-02,0.000000E+00,1.897902E+02,4.243982E+05,4.315775E+05,6.486025E-02,0.000000E+00,1.893867E+02,4.232105E+05,4.308131E+05,6.486025E-02,0.000000E+00,1.896339E+02,4.239319E+05,4.314847E+05,6.486025E-02,0.000000E+00,1.896149E+02,4.238765E+05,4.314341E+05,6.486025E-02,2.338348E+03,1.831463E+02,4.064860E+05,4.115546E+05,6.486025E-02,1.367235E+03,1.847961E+02,4.111410E+05,4.165177E+05,6.486025E-02,2.312278E+03,1.831691E+02,4.065629E+05,4.116123E+05,6.486025E-02,0.000000E+00,1.898012E+02,4.245276E+05,4.323196E+05,6.486025E-02,2.540392E+03,1.828757E+02,4.056798E+05,4.107166E+05
20:24:00,6.486025E-02,0.000000E+00,1.897163E+02,4.242235E+05,4.314001E+05,6.486025E-02,0.000000E+00,1.893127E+02,4.230355E+05,4.306353E+05,6.486025E-02,0.000000E+00,1.895601E+02,4.237573E+05,4.313074E+05,6.486025E-02,0.000000E+00,1.895411E+02,4.237020E+05,4.312567E+05,6.486025E-02,2.338348E+03,1.831463E+02,4.064860E+05,4.115546E+05,6.486025E-02,1.367235E+03,1.847961E+02,4.111410E+05,4.165177E+05,6.486025E-02,2.312278E+03,1.831690E+02,4.065629E+05,4.116123E+05,6.486025E-02,0.000000E+00,1.897368E+02,4.243714E+05,4.321609E+05,6.486025E-02,2.540392E+03,1.828757E+02,4.056798E+05,4.107165E+05
20:36:00,6.486025E-02,0.000000E+00,1.896427E+02,4.240495E+05,4.312233E+05,6.486025E-02,0.000000E+00,1.892391E+02,4.228614E+05,4.304584E+05,6.486025E-02,0.000000E+00,1.894866E+02,4.235836E+05,4.311308E+05,6.486025E-02,0.000000E+00,1.894676E+02,4.235282E+05,4.310801E+05,6.486025E-02,2.338348E+03,1.831463E+02,4.064860E+05,4.115546E+05,6.486025E-02,1.367235E+03,1.847961E+02,4.111411E+05,4.165177E+05,6.486025E-02,2.312278E+03,1.831690E+02,4.065629E+05,4.116122E+05,6.486025E-02,0.000000E+00,1.896730E+02,4.242165E+05,4.320035E+05,6.486025E-02,2.540392E+03,1.828757E+02,4.056797E+05,4.107165E+05
20:48:00,6.486025E-02,0.000000E+00,1.895697E+02,4.238766E+05,4.310476E+05,6.486025E-02,0.000000E+00,1.891660E+02,4.226885E+05,4.302757E+05,6.486025E-02,0.000000E+00,1.894137E+02,4.234110E+05,4.309555E+05,6.486025E-02,0.000000E+00,1.893947E+02,4.233556E+05,4.309048E+05,6.486025E-02,2.338348E+03,1.831463E+02,4.064860E+05,4.115546E+05,6.486025E-02,1.367235E+03,1.847961E+02,4.111411E+05,4.165177E+05,6.486025E-02,2.312278E+03,1.831690E+02,4.065629E+05,4.116122E+05,6.486025E-02,0.000000E+00,1.896099E+02,4.240633E+05,4.318479E+05,6.486025E-02,2.540392E+03,1.828757E+02,4.056797E+05,4.107165E+05
21:00:00,6.486025E-02,0.000000E+00,1.894974E+02,4.237055E+05,4.308737E+05,6.486025E-02,0.000000E+00,1.890937E+02,4.225173E+05,4.300796E+05,6.486025E-02,0.000000E+00,1.893415E+02,4.232402E+05,4.307819E+05,6.486025E-02,0.000000E+00,1.893225E+02,4.231847E+05,4.307312E+05,6.486025E-02,2.338348E+03,1.831463E+02,4.064860E+05,4.115546E+05,6.486025E-02,1.367235E+03,1.847961E+02,4.111411E+05,4.165177E+05,6.486025E-02,2.312278E+03,1.831690E+02,4.065629E+05,4.116122E+05,6.486025E-02,0.000000E+00,1.895478E+02,4.239121E+05,4.316943E+05,6.486025E-02,2.540392E+03,1.828757E+02,4.056797E+05,4.107165E+05
21:12:00,6.486025E-02,0.000000E+00,1.894261E+02,4.235365E+05,4.307021E+05,6.486025E-02,0.000000E+00,1.890223E+02,4.223481E+05,4.298857E+05,6.486025E-02,0.000000E+00,1.892704E+02,4.230714E+05,4.306105E+05,6.486025E-02,0.000000E+00,1.892513E+02,4.230159E+05,4.305597E+05,6.486025E-02,2.338348E+03,1.831463E+02,4.064860E+05,4.115546E+05,6.486025E-02,1.367235E+03,1.847961E+02,4.111411E+05,4.165177E+05,6.486025E-02,2.312278E+03,1.831690E+02,4.065628E+05,4.116122E+05,6.486025E-02,0.000000E+00,1.894866E+02,4.237631E+05,4.315429E+05,6.486025E-02,2.540392E+03,1.828757E+02,4.056797E+05,4.107165E+05
21:24:00,6.486025E-02,0.000000E+00,1.893562E+02,4.233707E+05,4.305336E+05,6.486025E-02,0.000000E+00,1.889521E+02,4.221817E+05,4.296948E+05,6.486025E-02,0.000000E+00,1.892005E+02,4.229056E+05,4.304421E+05,6.486025E-02,0.000000E+00,1.891814E+02,4.228501E+05,4.303912E+05,6.486025E-02,2.338348E+03,1.831463E+02,4.064860E+05,4.115546E+05,6.486025E-02,1.367235E+03,1.847961E+02,4.111411E+05,4.165177E+05,6.486025E-02,2.312278E+03,1.831690E+02,4.065628E+05,4.116122E+05,6.486025E-02,0.000000E+00,1.894266E+02,4.236165E+05,4.313939E+05,6.486025E-02,2.540392E+03,1.828757E+02,4.056797E+05,4.107165E+05
21:36:00,6.486025E-02,0.000000E+00,1.892882E+02,4.232092E+05,4.303696E+05,6.486025E-02,0.000000E+00,1.888837E+02,4.220192E+05,4.295082E+05,6.486025E-02,0.000000E+00,1.891324E+02,4.227440E+05,4.302779E+05,6.486025E-02,0.000000E+00,1.891134E+02,4.226884E+05,4.302270E+05,6.486025E-02,2.338348E+03,1.831463E+02,4.064860E+05,4.115546E+05,6.486025E-02,1.367235E+03,1.847961E+02,4.111411E+05,4.165178E+05,6.486025E-02,2.312278E+03,1.831690E+02,4.065628E+05,4.116122E+05,6.486025E-02,0.000000E+00,1.893678E+02,4.234729E+05,4.312480E+05,6.486025E-02,2.540392E+03,1.828757E+02,4.056797E+05,4.107165E+05
21:48:00,6.486025E-02,0.000000E+00,1.892228E+02,4.230533E+05,4.302112E+05,6.486025E-02,0.000000E+00,1.888176E+02,4.218618E+05,4.293269E+05,6.486025E-02,0.000000E+00,1.890668E+02,4.225877E+05,4.301191E+05,6.486025E-02,0.000000E+00,1.890477E+02,4.225321E+05,4.300681E+05,6.486025E-02,2.338348E+03,1.831463E+02,4.064860E+05,4.115546E+05,6.486025E-02,1.367235E+03,1.847961E+02,4.111411E+05,4.165178E+05,6.486025E-02,2.312278E+03,1.831690E+02,4.065628E+05,4.116122E+05,6.486025E-02,0.000000E+00,1.893107E+02,4.233329E+05,4.311057E+05,6.486025E-02,2.540392E+03,1.828757E+02,4.056797E+05,4.107165E+05
22:00:00,6.486025E-02,0.000000E+00,1.891601E+02,4.229037E+05,4.300591E+05,6.486025E-02,0.000000E+00,1.887542E+02,4.217105E+05,4.291519E+05,6.486025E-02,0.000000E+00,1.890040E+02,4.224377E+05,4.299666E+05,6.486025E-02,0.000000E+00,1.889849E+02,4.223820E+05,4.299156E+05,6.486025E-02,2.338348E+03,1.831463E+02,4.064860E+05,4.115546E+05,6.486025E-02,1.367235E+03,1.847961E+02,4.111411E+05,4.165178E+05,6.486025E-02,2.312278E+03,1.831690E+02,4.065628E+05,4.116122E+05,6.486025E-02,0.000000E+00,1.892552E+02,4.231966E+05,4.309672E+05,6.486025E-02,2.540392E+03,1.828757E+02,4.056797E+05,4.107165E+05
22:12:00,6.486025E-02,0.000000E+00,1.891006E+02,4.227632E+05,4.299164E+05,6.486025E-02,0.000000E+00,1.886938E+02,4.215681E+05,4.289908E+05,6.486025E-02,0.000000E+00,1.889442E+02,4.222967E+05,4.298234E+05,6.486025E-02,0.000000E+00,1.889251E+02,4.222409E+05,4.297724E+05,6.486025E-02,2.338348E+03,1.831463E+02,4.064860E+05,4.115546E+05,6.486025E-02,1.367235E+03,1.847961E+02,4.111411E+05,4.165178E+05,6.486025E-02,2.312278E+03,1.831690E+02,4.065628E+05,4.116122E+05,6.486025E-02,0.000000E+00,1.892016E+02,4.230673E+05,4.308358E+05,6.486025E-02,2.540392E+03,1.828757E+02,4.056797E+05,4.107165E+05
22:24:00,6.486025E-02,0.000000E+00,1.890443E+02,4.226299E+05,4.297810E+05,6.486025E-02,0.000000E+00,1.886366E+02,4.214328E+05,4.288371E+05,6.486025E-02,0.000000E+00,1.888877E+02,4.221629E+05,4.296875E+05,6.486025E-02,0.000000E+00,1.888686E+02,4.221071E+05,4.296364E+05,6.486025E-02,2.338348E+03,1.831463E+02,4.064860E+05,4.115546E+05,6.486025E-02,1.367235E+03,1.847961E+02,4.111411E+05,4.165178E+05,6.486025E-02,2.312278E+03,1.831690E+02,4.065628E+05,4.116122E+05,6.486025E-02,0.000000E+00,1.891501E+02,4.229424E+05,4.307089E+05,6.486025E-02,2.540392E+03,1.828757E+02,4.056797E+05,4.107165E+05
22:36:00,6.486025E-02,0.000000E+00,1.889910E+02,4.225034E+05,4.296525E+05,6.486025E-02,0.000000E+00,1.885824E+02,4.213042E+05,4.286903E+05,6.486025E-02,0.000000E+00,1.888343E+02,4.220360E+05,4.295585E+05,6.486025E-02,0.000000E+00,1.888151E+02,4.219801E+05,4.295073E+05,6.486025E-02,2.338348E+03,1.831463E+02,4.064860E+05,4.115546E+05,6.486025E-02,1.367235E+03,1.847961E+02,4.111411E+05,4.165178E+05,6.486025E-02,2.312278E+03,1.831690E+02,4.065628E+05,4.116122E+05,6.486025E-02,0.000000E+00,1.891004E+02,4.228219E+05,4.305865E+05,6.486025E-02,2.540392E+03,1.828757E+02,4.056797E+05,4.107165E+05
22:48:00,6.486025E-02,0.000000E+00,1.889406E+02,4.223832E+05,4.295304E+05,6.486025E-02,0.000000E+00,1.885311E+02,4.211820E+05,4.285500E+05,6.486025E-02,0.000000E+00,1.887836E+02,4.219154E+05,4.294360E+05,6.486025E-02,0.000000E+00,1.887644E+02,4.218594E+05,4.293848E+05,6.486025E-02,2.338348E+03,1.831463E+02,4.064859E+05,4.115546E+05,6.486025E-02,1.367235E+03,1.847961E+02,4.111411E+05,4.165178E+05,6.486025E-02,2.312278E+03,1.831690E+02,4.065628E+05,4.116122E+05,6.486025E-02,0.000000E+00,1.890526E+02,4.227055E+05,4.304683E+05,6.486025E-02,2.540392E+03,1.828757E+02,4.056797E+05,4.107165E+05
23:00:00,6.486025E-02,0.000000E+00,1.888929E+02,4.222692E+05,4.294145E+05,6.486025E-02,0.000000E+00,1.884824E+02,4.210657E+05,4.284159E+05,6.486025E-02,0.000000E+00,1.887358E+02,4.218009E+05,4.293197E+05,6.486025E-02,0.000000E+00,1.887165E+02,4.217449E+05,4.292684E+05,6.48